StartDate,EndDate,Status,IPAddress,Progress,Duration (in seconds),Finished,RecordedDate,ResponseId,RecipientLastName,RecipientFirstName,RecipientEmail,ExternalReference,LocationLatitude,LocationLongitude,DistributionChannel,UserLanguage,Q1.2,Q1.3,Q1.4,Q1.5,Q2.1_1,Q2.1_2,Q2.1_3,Q2.1_4,Q2.1_5,Q2.1_6,Q2.1_7,Q2.1_8,Q2.1_9,Q2.1_10,Q2.1_11,Q2.1_12,Q2.1_13,Q2.1_14,Q2.1_15,Q2.1_16,Q2.1_17,Q2.1_18,Q2.1_19,Q2.1_20,Q2.1_21,Q2.1_22,Q2.1_23,Q2.1_24,Q2.1_25,Q2.1_26,Q2.1_27,Q2.1_28,Q2.1_29,Q2.1_30,Q2.1_31,Q2.1_32,Q2.1_33,Q2.1_34,Q2.1_35,Q2.1_36,Q2.1_37,Q2.1_38,Q2.1_39,Q2.1_40,Q2.1_41,Q2.1_42,Q2.1_43,Q2.1_44,Q2.2_First Click,Q2.2_Last Click,Q2.2_Page Submit,Q2.2_Click Count,Q3.1_1,Q3.1_2,Q3.1_3,Q3.1_4,Q3.1_5,Q3.1_6,Q3.1_7,Q3.1_8,Q3.1_9,Q3.1_10,Q3.1_11,Q3.1_12,Q3.1_13,Q3.1_14,Q3.2_First Click,Q3.2_Last Click,Q3.2_Page Submit,Q3.2_Click Count,Q5.1,Q5.2_First Click,Q5.2_Last Click,Q5.2_Page Submit,Q5.2_Click Count,Q7.1,Q7.2_First Click,Q7.2_Last Click,Q7.2_Page Submit,Q7.2_Click Count,Q8.1,Q8.2_First Click,Q8.2_Last Click,Q8.2_Page Submit,Q8.2_Click Count,Q10.1,Q10.2_First Click,Q10.2_Last Click,Q10.2_Page Submit,Q10.2_Click Count,Q12.1,Q12.2_First Click,Q12.2_Last Click,Q12.2_Page Submit,Q12.2_Click Count,Q14.1,Q14.2_First Click,Q14.2_Last Click,Q14.2_Page Submit,Q14.2_Click Count,Q16.1,Q16.2_First Click,Q16.2_Last Click,Q16.2_Page Submit,Q16.2_Click Count,Q18.1,Q18.2_First Click,Q18.2_Last Click,Q18.2_Page Submit,Q18.2_Click Count,Q19.1_6,Q19.1_2,Q19.1_7,Q19.1_3,Q19.2_First Click,Q19.2_Last Click,Q19.2_Page Submit,Q19.2_Click Count,Q95#1_1,Q95#2_1,Q20.2#1_1,Q20.2#1_2,Q20.2#1_3,Q20.2#1_4,Q20.2#1_5,Q20.2#1_6,Q20.2#1_7,Q20.2#1_8,Q20.2#1_9,Q20.2#1_10,Q20.2#1_11,Q20.2#1_12,Q20.2#1_13,Q20.2#1_14,Q20.2#1_15,Q20.2#1_16,Q20.2#1_17,Q20.2#1_18,Q20.2#1_19,Q20.2#1_20,Q20.2#1_21,Q20.2#1_22,Q20.2#1_23,Q20.2#1_24,Q20.2#2_1,Q20.2#2_2,Q20.2#2_3,Q20.2#2_4,Q20.2#2_5,Q20.2#2_6,Q20.2#2_7,Q20.2#2_8,Q20.2#2_9,Q20.2#2_10,Q20.2#2_11,Q20.2#2_12,Q20.2#2_13,Q20.2#2_14,Q20.2#2_15,Q20.2#2_16,Q20.2#2_17,Q20.2#2_18,Q20.2#2_19,Q20.2#2_20,Q20.2#2_21,Q20.2#2_22,Q20.2#2_23,Q20.2#2_24,Q20.3_First Click,Q20.3_Last Click,Q20.3_Page Submit,Q20.3_Click Count,Q120,Q121,survey_code
Start Date,End Date,Response Type,IP Address,Progress,Duration (in seconds),Finished,Recorded Date,Response ID,Recipient Last Name,Recipient First Name,Recipient Email,External Data Reference,Location Latitude,Location Longitude,Distribution Channel,User Language,"I am age 18 or older, I have read and understood the information above, I want to participate in this research and continue with the survey:",To which gender identity do you most identify?,What is your age?,"What is the highest degree or level of school you have completed? (If 
youâ€™re currently enrolled in school, please indicate the highest degree 
you have received.)",I see myself as someone who is: - Is talkative,I see myself as someone who is: - Tends to find fault with others,I see myself as someone who is: - Does a thorough job,"I see myself as someone who is: - Is depressed, blue","I see myself as someone who is: - Is original, comes up with new ideas",I see myself as someone who is: - Is reserved,I see myself as someone who is: - Is helpful and unselfish with others,I see myself as someone who is: - Can be somewhat careless,"I see myself as someone who is: - Is relaxed, handles stress well",I see myself as someone who is: - Is curious about many different things,I see myself as someone who is: - Is full of energy,I see myself as someone who is: - Starts quarrels with others,I see myself as someone who is: - Is a reliable worker,I see myself as someone who is: - Can be tense,"I see myself as someone who is: - Is ingenious, a deep thinker",I see myself as someone who is: - Generates a lot of enthusiasm,I see myself as someone who is: - Has a forgiving nature,I see myself as someone who is: - Tends to be disorganized,I see myself as someone who is: - Worries a lot,I see myself as someone who is: - Has ana active imagination,I see myself as someone who is: - Tends to be quiet,I see myself as someone who is: - Is generally trusting,I see myself as someone who is: - Tends to be lazy,"I see myself as someone who is: - Is emotionally stable, not easily upset",I see myself as someone who is: - Is inventive,I see myself as someone who is: - Has an assertive personality,I see myself as someone who is: - Can be cold and aloof,I see myself as someone who is: - Preseveres until the task is finished,I see myself as someone who is: - Can be moody,"I see myself as someone who is: - Values artistic, aesthetic experiences","I see myself as someone who is: - Is sometimes shy, inhibited",I see myself as someone who is: - Is considerate and kind to almost everyone,I see myself as someone who is: - Does things efficiently,I see myself as someone who is: - Remains calm in tense situations,I see myself as someone who is: - Prefers work that is routine,"I see myself as someone who is: - Is outgoing, sociable",I see myself as someone who is: - Is sometimes rude to others,I see myself as someone who is: - Makes plans and follows through with them,I see myself as someone who is: - Gets nervous easily,"I see myself as someone who is: - Likes to reflect, play with ideas",I see myself as someone who is: - Has few artistic interests,I see myself as someone who is: - Likes to cooperate with others,I see myself as someone who is: - Is easily disracted,"I see myself as someone who is: - Is sophisticated in art, music, or literature",Timing - First Click,Timing - Last Click,Timing - Page Submit,Timing - Click Count,Click to write the question text - I would feel uneasy if robots really had emotions.,Click to write the question text - Something bad might happen if robots developed into living beings.,Click to write the question text - I would feel relaxed talking with robots.,Click to write the question text - I would feel uneasy if I was given a job where I had to use robots.,"Click to write the question text - If robots had emotions, I would be able to make friends with them.",Click to write the question text - I (would?) feel comforted being with robots that have emotions.,"Click to write the question text - The word ""robot"" means nothing to me.",Click to write the question text - I would feel nervous operating a robot in front of other people.,Click to write the question text - I would hate the idea that robots or artificial intelligence were making judgments about things.,Click to write the question text - I would feel very nervous just standing in front of a robot.,"Click to write the question text - I feel that if I depend on robots too much, something bad might happen.",Click to write the question text - I would feel paranoid talking with a robot.,Click to write the question text - I am concerned that robots would be a bad influence on children.,Click to write the question text - I feel that in the future society will be dominated by robots.,Timing - First Click,Timing - Last Click,Timing - Page Submit,Timing - Click Count,Which robot do you agree with?,Timing - First Click,Timing - Last Click,Timing - Page Submit,Timing - Click Count,Which robot do you agree with?,Timing - First Click,Timing - Last Click,Timing - Page Submit,Timing - Click Count,What does Liz enjoy doing?,Timing - First Click,Timing - Last Click,Timing - Page Submit,Timing - Click Count,Which robot do you agree with?,Timing - First Click,Timing - Last Click,Timing - Page Submit,Timing - Click Count,Which robot do you agree with?,Timing - First Click,Timing - Last Click,Timing - Page Submit,Timing - Click Count,Which robot do you agree with?,Timing - First Click,Timing - Last Click,Timing - Page Submit,Timing - Click Count,Which robot do you agree with?,Timing - First Click,Timing - Last Click,Timing - Page Submit,Timing - Click Count,Which robot do you agree with?,Timing - First Click,Timing - Last Click,Timing - Page Submit,Timing - Click Count,For each statement choose a robot. - Which robot would you trust to manage your investments portfolio?,For each statement choose a robot. - Which robot do you think will serve as a good jury member?,For each statement choose a robot. - Which robot do you think will be a better analyst?,For each statement choose a robot. - Which robot would you like as a bartender?,Timing - First Click,Timing - Last Click,Timing - Page Submit,Timing - Click Count,In the question below you will be asked about the two robots. In each question the left column re... - Click to write Column 1 - Fake - Natrual,In the question below you will be asked about the two robots. In each question the left column re... - Click to write Column 2 - Fake - Natrual,Please rate your impression of the robot on these scales: - blue robot - Fake - Natrual,Please rate your impression of the robot on these scales: - blue robot - Machinlike - Humnalike,Please rate your impression of the robot on these scales: - blue robot - Unconscious - Conscious,Please rate your impression of the robot on these scales: - blue robot - Artificial - Lifelike,Please rate your impression of the robot on these scales: - blue robot - Moving rigidly - Moving elegantly,Please rate your impression of the robot on these scales: - blue robot - Dead - Alive,Please rate your impression of the robot on these scales: - blue robot - Stagnant - Lively,Please rate your impression of the robot on these scales: - blue robot - Mechanical - Organic,Please rate your impression of the robot on these scales: - blue robot - Artificial - Lifelike,Please rate your impression of the robot on these scales: - blue robot - Inert - Interactive,Please rate your impression of the robot on these scales: - blue robot - Apathetic - Responsive,Please rate your impression of the robot on these scales: - blue robot - Dislike - Like,Please rate your impression of the robot on these scales: - blue robot - Unfriendly - Friendly,Please rate your impression of the robot on these scales: - blue robot - Unkind - Kind,Please rate your impression of the robot on these scales: - blue robot - Unpleasant - Pleasant,Please rate your impression of the robot on these scales: - blue robot - Awful - Nice,Please rate your impression of the robot on these scales: - blue robot - Incompetent - Competent,Please rate your impression of the robot on these scales: - blue robot - Ignorant - Knowledgeable,Please rate your impression of the robot on these scales: - blue robot - Irresponsible - Responsible,Please rate your impression of the robot on these scales: - blue robot - Unintelligent - Intelligent,Please rate your impression of the robot on these scales: - blue robot - Foolish - Sensible,Please rate your impression of the robot on these scales: - blue robot - Anxious - Relaxed,Please rate your impression of the robot on these scales: - blue robot - Agitated - Calm,Please rate your impression of the robot on these scales: - blue robot - Quiescent - Surprised,Please rate your impression of the robot on these scales: - red robot - Fake - Natrual,Please rate your impression of the robot on these scales: - red robot - Machinlike - Humnalike,Please rate your impression of the robot on these scales: - red robot - Unconscious - Conscious,Please rate your impression of the robot on these scales: - red robot - Artificial - Lifelike,Please rate your impression of the robot on these scales: - red robot - Moving rigidly - Moving elegantly,Please rate your impression of the robot on these scales: - red robot - Dead - Alive,Please rate your impression of the robot on these scales: - red robot - Stagnant - Lively,Please rate your impression of the robot on these scales: - red robot - Mechanical - Organic,Please rate your impression of the robot on these scales: - red robot - Artificial - Lifelike,Please rate your impression of the robot on these scales: - red robot - Inert - Interactive,Please rate your impression of the robot on these scales: - red robot - Apathetic - Responsive,Please rate your impression of the robot on these scales: - red robot - Dislike - Like,Please rate your impression of the robot on these scales: - red robot - Unfriendly - Friendly,Please rate your impression of the robot on these scales: - red robot - Unkind - Kind,Please rate your impression of the robot on these scales: - red robot - Unpleasant - Pleasant,Please rate your impression of the robot on these scales: - red robot - Awful - Nice,Please rate your impression of the robot on these scales: - red robot - Incompetent - Competent,Please rate your impression of the robot on these scales: - red robot - Ignorant - Knowledgeable,Please rate your impression of the robot on these scales: - red robot - Irresponsible - Responsible,Please rate your impression of the robot on these scales: - red robot - Unintelligent - Intelligent,Please rate your impression of the robot on these scales: - red robot - Foolish - Sensible,Please rate your impression of the robot on these scales: - red robot - Anxious - Relaxed,Please rate your impression of the robot on these scales: - red robot - Agitated - Calm,Please rate your impression of the robot on these scales: - red robot - Quiescent - Surprised,Timing - First Click,Timing - Last Click,Timing - Page Submit,Timing - Click Count,Which robot would you prefer?,Why do you prefer this robot?,survey_code
"{""ImportId"":""startDate"",""timeZone"":""America/Denver""}","{""ImportId"":""endDate"",""timeZone"":""America/Denver""}","{""ImportId"":""status""}","{""ImportId"":""ipAddress""}","{""ImportId"":""progress""}","{""ImportId"":""duration""}","{""ImportId"":""finished""}","{""ImportId"":""recordedDate"",""timeZone"":""America/Denver""}","{""ImportId"":""_recordId""}","{""ImportId"":""recipientLastName""}","{""ImportId"":""recipientFirstName""}","{""ImportId"":""recipientEmail""}","{""ImportId"":""externalDataReference""}","{""ImportId"":""locationLatitude""}","{""ImportId"":""locationLongitude""}","{""ImportId"":""distributionChannel""}","{""ImportId"":""userLanguage""}","{""ImportId"":""QID99""}","{""ImportId"":""QID100""}","{""ImportId"":""QID101_TEXT""}","{""ImportId"":""QID102""}","{""ImportId"":""QID93_1""}","{""ImportId"":""QID93_2""}","{""ImportId"":""QID93_3""}","{""ImportId"":""QID93_4""}","{""ImportId"":""QID93_5""}","{""ImportId"":""QID93_6""}","{""ImportId"":""QID93_7""}","{""ImportId"":""QID93_8""}","{""ImportId"":""QID93_9""}","{""ImportId"":""QID93_10""}","{""ImportId"":""QID93_11""}","{""ImportId"":""QID93_12""}","{""ImportId"":""QID93_13""}","{""ImportId"":""QID93_14""}","{""ImportId"":""QID93_15""}","{""ImportId"":""QID93_16""}","{""ImportId"":""QID93_17""}","{""ImportId"":""QID93_18""}","{""ImportId"":""QID93_19""}","{""ImportId"":""QID93_20""}","{""ImportId"":""QID93_21""}","{""ImportId"":""QID93_22""}","{""ImportId"":""QID93_23""}","{""ImportId"":""QID93_24""}","{""ImportId"":""QID93_25""}","{""ImportId"":""QID93_26""}","{""ImportId"":""QID93_27""}","{""ImportId"":""QID93_28""}","{""ImportId"":""QID93_29""}","{""ImportId"":""QID93_30""}","{""ImportId"":""QID93_31""}","{""ImportId"":""QID93_32""}","{""ImportId"":""QID93_33""}","{""ImportId"":""QID93_34""}","{""ImportId"":""QID93_35""}","{""ImportId"":""QID93_36""}","{""ImportId"":""QID93_37""}","{""ImportId"":""QID93_38""}","{""ImportId"":""QID93_39""}","{""ImportId"":""QID93_40""}","{""ImportId"":""QID93_41""}","{""ImportId"":""QID93_42""}","{""ImportId"":""QID93_43""}","{""ImportId"":""QID93_44""}","{""ImportId"":""QID94_FIRST_CLICK""}","{""ImportId"":""QID94_LAST_CLICK""}","{""ImportId"":""QID94_PAGE_SUBMIT""}","{""ImportId"":""QID94_CLICK_COUNT""}","{""ImportId"":""QID104_1""}","{""ImportId"":""QID104_2""}","{""ImportId"":""QID104_3""}","{""ImportId"":""QID104_4""}","{""ImportId"":""QID104_5""}","{""ImportId"":""QID104_6""}","{""ImportId"":""QID104_7""}","{""ImportId"":""QID104_8""}","{""ImportId"":""QID104_9""}","{""ImportId"":""QID104_10""}","{""ImportId"":""QID104_11""}","{""ImportId"":""QID104_12""}","{""ImportId"":""QID104_13""}","{""ImportId"":""QID104_14""}","{""ImportId"":""QID105_FIRST_CLICK""}","{""ImportId"":""QID105_LAST_CLICK""}","{""ImportId"":""QID105_PAGE_SUBMIT""}","{""ImportId"":""QID105_CLICK_COUNT""}","{""ImportId"":""QID78""}","{""ImportId"":""QID77_FIRST_CLICK""}","{""ImportId"":""QID77_LAST_CLICK""}","{""ImportId"":""QID77_PAGE_SUBMIT""}","{""ImportId"":""QID77_CLICK_COUNT""}","{""ImportId"":""QID88""}","{""ImportId"":""QID87_FIRST_CLICK""}","{""ImportId"":""QID87_LAST_CLICK""}","{""ImportId"":""QID87_PAGE_SUBMIT""}","{""ImportId"":""QID87_CLICK_COUNT""}","{""ImportId"":""QID108""}","{""ImportId"":""QID109_FIRST_CLICK""}","{""ImportId"":""QID109_LAST_CLICK""}","{""ImportId"":""QID109_PAGE_SUBMIT""}","{""ImportId"":""QID109_CLICK_COUNT""}","{""ImportId"":""QID111""}","{""ImportId"":""QID110_FIRST_CLICK""}","{""ImportId"":""QID110_LAST_CLICK""}","{""ImportId"":""QID110_PAGE_SUBMIT""}","{""ImportId"":""QID110_CLICK_COUNT""}","{""ImportId"":""QID113""}","{""ImportId"":""QID112_FIRST_CLICK""}","{""ImportId"":""QID112_LAST_CLICK""}","{""ImportId"":""QID112_PAGE_SUBMIT""}","{""ImportId"":""QID112_CLICK_COUNT""}","{""ImportId"":""QID115""}","{""ImportId"":""QID114_FIRST_CLICK""}","{""ImportId"":""QID114_LAST_CLICK""}","{""ImportId"":""QID114_PAGE_SUBMIT""}","{""ImportId"":""QID114_CLICK_COUNT""}","{""ImportId"":""QID117""}","{""ImportId"":""QID116_FIRST_CLICK""}","{""ImportId"":""QID116_LAST_CLICK""}","{""ImportId"":""QID116_PAGE_SUBMIT""}","{""ImportId"":""QID116_CLICK_COUNT""}","{""ImportId"":""QID119""}","{""ImportId"":""QID118_FIRST_CLICK""}","{""ImportId"":""QID118_LAST_CLICK""}","{""ImportId"":""QID118_PAGE_SUBMIT""}","{""ImportId"":""QID118_CLICK_COUNT""}","{""ImportId"":""QID106_6""}","{""ImportId"":""QID106_2""}","{""ImportId"":""QID106_7""}","{""ImportId"":""QID106_3""}","{""ImportId"":""QID107_FIRST_CLICK""}","{""ImportId"":""QID107_LAST_CLICK""}","{""ImportId"":""QID107_PAGE_SUBMIT""}","{""ImportId"":""QID107_CLICK_COUNT""}","{""ImportId"":""QID95#1_1""}","{""ImportId"":""QID95#2_1""}","{""ImportId"":""QID96#1_1""}","{""ImportId"":""QID96#1_2""}","{""ImportId"":""QID96#1_3""}","{""ImportId"":""QID96#1_4""}","{""ImportId"":""QID96#1_5""}","{""ImportId"":""QID96#1_6""}","{""ImportId"":""QID96#1_7""}","{""ImportId"":""QID96#1_8""}","{""ImportId"":""QID96#1_9""}","{""ImportId"":""QID96#1_10""}","{""ImportId"":""QID96#1_11""}","{""ImportId"":""QID96#1_12""}","{""ImportId"":""QID96#1_13""}","{""ImportId"":""QID96#1_14""}","{""ImportId"":""QID96#1_15""}","{""ImportId"":""QID96#1_16""}","{""ImportId"":""QID96#1_17""}","{""ImportId"":""QID96#1_18""}","{""ImportId"":""QID96#1_19""}","{""ImportId"":""QID96#1_20""}","{""ImportId"":""QID96#1_21""}","{""ImportId"":""QID96#1_22""}","{""ImportId"":""QID96#1_23""}","{""ImportId"":""QID96#1_24""}","{""ImportId"":""QID96#2_1""}","{""ImportId"":""QID96#2_2""}","{""ImportId"":""QID96#2_3""}","{""ImportId"":""QID96#2_4""}","{""ImportId"":""QID96#2_5""}","{""ImportId"":""QID96#2_6""}","{""ImportId"":""QID96#2_7""}","{""ImportId"":""QID96#2_8""}","{""ImportId"":""QID96#2_9""}","{""ImportId"":""QID96#2_10""}","{""ImportId"":""QID96#2_11""}","{""ImportId"":""QID96#2_12""}","{""ImportId"":""QID96#2_13""}","{""ImportId"":""QID96#2_14""}","{""ImportId"":""QID96#2_15""}","{""ImportId"":""QID96#2_16""}","{""ImportId"":""QID96#2_17""}","{""ImportId"":""QID96#2_18""}","{""ImportId"":""QID96#2_19""}","{""ImportId"":""QID96#2_20""}","{""ImportId"":""QID96#2_21""}","{""ImportId"":""QID96#2_22""}","{""ImportId"":""QID96#2_23""}","{""ImportId"":""QID96#2_24""}","{""ImportId"":""QID97_FIRST_CLICK""}","{""ImportId"":""QID97_LAST_CLICK""}","{""ImportId"":""QID97_PAGE_SUBMIT""}","{""ImportId"":""QID97_CLICK_COUNT""}","{""ImportId"":""QID120""}","{""ImportId"":""QID121_TEXT""}","{""ImportId"":""survey_code""}"
2018-06-26 02:05:43,2018-06-26 02:11:49,0,71.84.20.24,100,366,1,2018-06-26 02:11:50,R_1g6fzCA2Vol1P6o,,,,,35.618896484375,-120.76689910889,anonymous,EN,1,2,27,5,4,2,2,5,3,2,3,5,5,2,4,2,4,2,4,5,4,5,3,5,4,4,4,5,3,5,3,5,2,3,4,4,4,2,2,5,4,2,4,2,4,5,3,2,4.791,35.047,39.318,29,2,2,2,2,4,2,3,4,4,5,2,5,2,3,2.718,13.494,16.191,14,1,1.675,1.675,2.79,1,1,0.588,0.588,1.578,1,1,12.828,12.828,21.254,1,1,7.888,7.888,8.907,1,1,1.788,1.788,2.763,1,2,0.821,0.821,1.862,1,1,1.098,1.83,2.757,2,1,1.124,1.124,2.197,1,4,4,4,1,2.205,5.086,7.152,4,3,3,3,5,4,2,2,3,3,4,2,2,3,1,3,2,2,3,3,3,4,2,5,2,3,4,2,3,2,2,1,3,3,4,2,4,2,4,3,5,4,4,3,3,2,2,3,1,2,2,1.544,48.88,50.535,51,4,more logical,68632392
2018-06-26 02:06:43,2018-06-26 02:12:29,0,50.105.74.233,100,345,1,2018-06-26 02:12:30,R_2VwfxDOfva5IYFa,,,,,42.876007080078,-83.875396728516,anonymous,EN,1,1,24,3,2,4,4,5,1,3,3,4,1,4,1,3,5,5,5,2,2,5,5,1,4,4,5,1,2,1,3,3,5,4,5,5,5,2,5,2,3,2,5,3,5,4,5,3,2.078,72.537,73.223,49,4,4,2,2,3,2,2,2,4,3,5,4,4,4,2.688,16.411,17.268,16,2,1.226,1.226,2.182,1,1,0.857,0.857,1.68,1,4,5.026,5.932,7.184,2,1,1.055,1.055,1.705,1,1,0.815,0.815,1.888,1,2,1.74,2.807,3.644,2,2,0.534,0.534,1.51,1,1,0.574,1.492,1.814,2,4,1,4,1,6.491,13.184,13.977,5,4,5,4,4,2,4,5,5,3,5,3,3,4,2,3,2,2,1,2,5,3,5,4,4,5,2,4,3,4,3,3,3,4,2,5,1,4,3,2,3,3,2,2,4,2,5,4,3,3,5,1.005,55.954,56.607,57,4,This robot seems to be more financially savvy. I would trust this robot more with important decisions.,69013716
2018-06-26 02:06:08,2018-06-26 02:13:49,0,98.4.47.5,100,460,1,2018-06-26 02:13:49,R_2cdvFfi7YC0JytY,,,,,42.905700683594,-78.626403808594,anonymous,EN,1,2,34,5,4,2,4,2,4,2,4,2,4,4,4,2,4,2,4,4,4,2,2,4,4,4,2,4,4,4,2,4,2,4,2,4,4,4,2,4,2,4,2,4,2,4,2,4,1.703,62.484,63.455,48,3,3,4,2,4,3,2,2,3,2,3,2,2,4,5.212,57.936,58.588,16,1,2.288,2.288,4.754,1,1,0.286,0.917,1.48,2,1,6.37,6.37,7.888,1,2,0.799,1.487,1.79,2,2,0.711,0.711,1.543,1,2,0.336,0.765,1.402,2,1,0.563,0.563,1.353,1,2,0.449,0.449,1.01,1,1,1,1,1,6.166,9.051,12.183,4,4,4,4,4,4,4,4,4,4,4,4,4,4,4,4,4,4,4,4,4,4,4,4,4,4,4,4,4,4,4,4,4,4,4,4,4,4,4,4,4,4,4,4,4,4,4,4,4,4,4,7.938,44.193,45.949,62,5,he seemed to be smarter,96627122
2018-06-26 02:05:53,2018-06-26 02:18:46,0,12.185.249.139,100,772,1,2018-06-26 02:18:47,R_vodOeU4xNpP36U1,,,,,32.918701171875,-96.114097595215,anonymous,EN,1,2,25,2,5,1,5,1,5,1,5,1,5,5,5,1,5,1,5,5,5,1,1,5,1,5,1,5,5,5,1,5,1,5,1,5,5,5,3,5,1,5,1,5,1,5,1,5,3.123,52.729,54.669,288,1,1,5,1,5,5,1,1,1,1,1,1,1,3,6.055,27.502,28.588,506,1,2.361,2.361,3.169,1,1,1.239,3.452,3.758,3,4,66.187,66.187,67.02,1,1,0.539,0.539,1.402,1,2,0.546,0.546,1.524,1,2,0.67,0.67,1.89,1,1,1.386,1.386,2.259,1,2,0.436,0.436,1.125,1,4,4,4,4,6.314,10.88,11.803,4,3,3,3,2,2,2,3,3,3,2,2,4,4,4,4,3,4,4,4,4,4,4,4,5,5,1,3,2,2,2,3,3,3,2,2,4,4,4,4,3,4,4,4,5,5,5,4,5,5,1,24.48,119.104,121.193,57,4,"I just like the color more, I guess. They both sounded the same.",52199301
2018-06-26 02:09:12,2018-06-26 02:19:41,0,205.209.93.240,100,628,1,2018-06-26 02:19:43,R_3JlSixzCsTaP6bv,,,,,45.722595214844,-68.795097351074,anonymous,EN,1,1,31,5,4,5,4,1,5,4,4,5,4,5,4,5,3,5,4,5,4,5,5,5,4,5,5,4,2,2,5,1,4,5,2,5,5,5,5,5,2,5,4,4,5,4,5,5,1.011,52.661,54.004,56,2,4,5,5,4,4,2,2,5,5,3,4,4,5,19.135,37.885,39.116,25,1,5.446,5.446,6.63,1,1,0.788,0.788,1.762,1,3,13.364,13.364,14.75,1,1,1.005,1.005,1.757,1,1,1.238,2.147,2.462,2,1,1.047,1.047,1.92,1,2,0.57,1.208,2.122,2,2,0.931,0.931,1.815,1,4,4,1,4,4.193,7.805,8.463,5,3,3,3,4,4,4,3,3,4,4,5,5,4,5,4,4,5,5,3,5,3,4,5,5,4,4,4,3,2,5,4,4,5,4,4,4,3,5,4,4,1,4,4,5,4,4,3,4,4,4,1.614,60.351,61.631,68,4,seems to be more analytical,42140837
2018-06-26 02:07:52,2018-06-26 02:20:33,0,88.244.36.130,100,760,1,2018-06-26 02:20:34,R_AAS7q0yOXp31llL,,,,,41.018600463867,28.964706420898,anonymous,EN,1,1,45,5,4,2,5,2,5,4,4,2,5,5,5,1,5,2,5,4,4,1,1,5,4,2,1,4,4,4,2,5,2,5,3,4,5,4,2,4,1,5,1,5,2,3,2,4,1.214,131.195,131.288,123,2,2,5,1,4,4,2,1,1,1,1,1,1,1,4.694,62.99,63.762,42,2,5.391,5.391,7.34,2,1,0.629,1.094,1.567,4,4,2.905,2.91,4.35,2,1,0.35,0.358,0.787,2,2,0.68,0.59,1.196,2,2,0.235,0.246,0.506,2,1,0.188,0.196,0.609,2,2,0.232,0.69,1.071,4,1,1,1,1,6.084,12.215,14.154,8,4,3,4,2,2,2,2,2,2,2,2,2,2,3,3,3,3,3,3,3,3,3,3,4,4,1,3,2,2,2,2,2,2,2,2,2,2,3,3,3,3,3,3,3,3,3,3,4,4,1,4.494,92.168,92.72,129,5,"It seemed to be programmed better. But I did not see a big difference. ",95464366
2018-06-26 02:06:26,2018-06-26 02:21:35,0,144.163.201.120,100,908,1,2018-06-26 02:21:35,R_2BsxHo2VIwmnnDA,,,,,35.575302124023,-93.792297363281,anonymous,EN,1,2,53,2,1,1,4,1,4,5,4,4,5,5,2,1,5,1,5,2,5,4,1,5,5,4,4,5,5,4,1,4,1,1,2,4,2,5,4,1,1,5,1,5,4,1,4,2,3.102,84.437,85.576,49,2,4,4,1,4,4,1,1,5,1,4,1,1,4,3.457,49.253,50.314,15,1,2.301,2.301,8.441,1,1,0.833,0.833,2.048,1,4,24.647,24.647,27.087,1,2,3.682,3.682,5.1,1,2,0.892,0.892,2.224,1,2,1.894,1.894,4.125,1,2,1.322,1.322,2.453,1,1,1.324,1.324,2.741,1,1,1,4,4,3.896,13.603,15.344,4,1,5,1,1,1,1,1,3,2,1,2,4,5,4,5,5,5,4,4,4,3,4,3,5,5,4,1,1,1,2,1,3,3,2,3,5,5,4,4,4,4,3,5,4,3,4,3,3,3,4,28.336,181.325,183.355,58,5,"I think it is mainly the color, blue is more calming.",66484354
2018-06-26 02:11:54,2018-06-26 02:21:45,0,68.37.211.184,100,591,1,2018-06-26 02:21:45,R_1iqe5wKucaHOBTP,,,,,42.272994995117,-83.599403381348,anonymous,EN,1,1,28,6,3,4,3,3,4,4,3,3,2,4,3,3,4,4,4,3,3,2,3,4,4,3,3,2,3,3,4,4,4,3,2,3,3,4,4,4,3,3,2,3,3,4,3,3,1.153,53.985,56.636,47,3,3,4,4,3,3,2,3,3,4,4,3,3,4,1.615,12.456,13.787,15,1,1.384,4.523,7.319,2,1,1.308,1.308,2.251,1,4,59.266,131.488,132.692,3,1,0.945,0.945,1.707,1,1,1.147,1.611,2.537,2,1,0.892,1.571,1.958,2,1,1.067,1.067,1.703,1,1,0.714,1.345,2.083,2,4,4,4,1,3.34,7.797,11.445,5,3,4,3,3,3,3,3,3,4,3,3,3,4,3,2,3,3,3,3,3,2,3,3,2,3,3,4,4,4,4,3,3,4,3,3,3,4,3,2,3,4,4,4,4,3,3,4,2,4,3,9.269,70.473,71.203,55,4,"is smarter ",37186651
2018-06-26 02:06:50,2018-06-26 02:22:19,0,70.173.196.223,100,929,1,2018-06-26 02:22:20,R_3Pk0voLMCEtGT7g,,,,,36.118896484375,-115.12329864502,anonymous,EN,1,2,50,5,4,4,5,1,5,3,4,2,5,5,4,1,5,2,4,4,3,2,1,5,3,4,1,4,4,3,2,4,2,4,4,5,4,5,2,3,2,4,2,4,1,5,2,3,0,0,84.484,0,4,2,4,1,3,3,1,2,1,1,1,1,2,2,0,0,59.677,0,1,5.26,7.551,8.72,2,1,1.036,1.036,2.184,1,4,3.928,3.928,7.827,1,1,2.708,2.708,3.806,1,1,0.898,0.898,2.123,1,1,1.24,1.24,2.406,1,2,0.795,0.795,34.868,1,1,1.424,2.665,3.286,2,4,4,1,1,3.668,12.875,14.918,4,1,5,1,3,3,2,2,3,2,1,1,3,2,4,3,3,3,3,4,3,3,4,4,3,4,3,5,3,3,2,2,3,2,1,1,3,2,4,3,3,3,3,4,3,3,4,4,3,4,3,16.474,152.2,153.196,10,4,"The logic was a little better , both were very close.",70327997
2018-06-26 02:08:38,2018-06-26 02:22:38,0,71.47.39.230,100,839,1,2018-06-26 02:22:39,R_vBUAN4ox5lb0s4F,,,,,28.588302612305,-81.243896484375,anonymous,EN,1,1,26,5,1,2,4,4,4,5,4,3,4,5,2,1,4,4,5,2,4,3,3,4,5,4,4,4,3,2,4,5,4,5,5,5,4,4,4,2,2,2,4,5,1,3,2,5,3.542,91.989,93.56,44,3,3,2,4,3,3,2,2,2,3,2,2,3,4,6.452,48.496,50.7,15,1,19.873,19.873,20.759,1,1,0.528,0.528,1.447,1,4,32.722,32.722,34.18,1,1,2.592,4.488,4.771,5,2,0.724,0.724,1.628,1,2,0.572,0.572,1.838,1,1,0.455,0.455,1.517,1,2,0.168,0.842,1.641,2,1,1,1,4,5.266,16.43,19.424,6,2,2,2,4,2,2,3,2,2,2,5,3,4,3,4,2,4,3,2,3,2,2,3,2,3,3,3,2,4,2,4,2,3,2,4,3,2,4,3,3,2,2,3,3,5,3,3,1,3,2,22.648,103.113,107.253,69,4,"Seemed a little bit more friendly and with more warm human characteristic ",60270728
2018-06-26 02:13:47,2018-06-26 02:24:34,0,68.37.211.184,100,647,1,2018-06-26 02:24:35,R_1ojUd7FJAkj7IhX,,,,,42.272994995117,-83.599403381348,anonymous,EN,1,1,61,6,3,4,3,3,4,3,3,3,4,3,3,3,4,4,3,3,2,3,3,4,4,4,3,3,2,3,3,4,4,3,3,2,3,3,4,4,3,4,3,4,3,3,3,4,80.32,111.09,111.727,48,3,4,3,3,3,4,3,2,3,4,4,3,4,3,0.788,9.576,10.357,14,1,1.947,1.947,2.897,1,1,1.028,1.028,1.85,1,4,4.072,4.968,6.125,2,1,0.979,0.979,1.556,1,1,3.244,3.244,3.988,1,1,0.716,0.716,1.51,1,1,0.939,0.939,1.627,1,1,0.428,0.428,1.082,1,4,4,4,1,1.918,3.207,4.383,4,3,4,3,3,3,2,3,3,2,3,3,3,3,3,2,3,3,3,4,3,3,3,4,3,3,3,4,3,4,3,4,4,4,3,3,4,4,4,4,3,4,4,4,3,4,4,4,3,4,4,2.043,49.671,51.167,52,4,"i think she is smarter ",17230119
2018-06-26 02:07:10,2018-06-26 02:25:12,0,32.217.5.24,100,1081,1,2018-06-26 02:25:12,R_2qC6c60BSzgGQSf,,,,,41.404998779297,-72.4833984375,anonymous,EN,1,1,49,5,4,5,4,1,5,5,4,4,3,5,2,2,4,4,5,1,2,4,5,5,5,5,4,2,5,1,3,3,2,5,5,4,5,4,3,1,4,3,4,5,1,3,4,5,5.198,119.256,121.497,47,5,5,3,4,2,1,2,3,5,3,4,1,2,3,10.942,73.848,74.862,15,1,4.815,4.815,6.877,1,1,2.328,2.328,3.543,1,4,4.103,4.103,8.167,1,2,1.233,1.233,2.492,1,2,1.66,1.66,2.907,1,2,1.896,1.896,3.491,1,1,8.141,9.578,12.33,2,2,1.054,1.054,2.542,1,1,1,1,1,9.885,16.166,17.781,4,3,3,2,2,3,2,3,1,2,1,1,4,4,3,4,3,4,4,3,3,3,3,4,4,4,1,2,2,3,2,3,1,2,1,1,4,4,3,4,3,4,4,3,3,3,3,4,4,4,1,28.723,158.49,160.482,54,5,Blue is my favorite color. Other than color the robots appeared identical to me.,78224354
2018-06-26 02:10:58,2018-06-26 02:25:43,0,67.51.218.132,100,885,1,2018-06-26 02:25:44,R_1gNQCfVUwV1AlvW,,,,,47.390899658203,-122.26370239258,anonymous,EN,1,2,39,4,3,2,5,1,4,3,5,1,5,4,1,1,5,1,4,2,3,1,3,4,3,2,1,5,4,3,2,5,1,4,1,5,5,5,3,3,1,5,1,4,2,5,1,3,3.99,70.307,71.101,47,2,3,4,1,4,4,3,1,2,1,2,1,2,4,4.344,40.414,40.994,18,2,2.937,2.937,3.598,1,1,0.534,0.534,1.365,1,1,29.713,29.713,31.022,1,1,4.131,4.131,4.873,1,1,0.33,0.33,1.072,1,1,0.545,0.545,1.318,1,2,0.416,0.416,1.229,1,1,0.522,0.522,1.277,1,4,4,4,4,2.423,10.006,11.555,4,3,3,2,2,1,1,1,1,1,1,1,1,3,3,3,3,3,3,3,3,3,3,3,5,5,3,2,2,1,1,1,1,1,1,1,1,3,3,3,3,3,3,3,3,3,3,3,5,5,3,28.872,140.007,146.165,55,4,It seems to form the order logically more often.,66727178
2018-06-26 02:08:11,2018-06-26 02:27:24,0,72.197.171.54,100,1152,1,2018-06-26 02:27:24,R_2V87wFIJDmj9UuX,,,,,32.812698364258,-117.03329467773,anonymous,EN,1,2,35,3,3,1,3,2,2,4,4,4,3,3,3,1,3,2,2,2,5,4,2,3,4,5,4,3,3,2,3,3,1,4,4,4,3,3,4,3,2,4,3,4,3,4,3,3,97.547,194.767,197.648,60,3,3,4,2,4,3,2,2,3,2,2,2,2,3,1.158,81.608,82.56,27,1,5.498,5.498,7.639,1,2,1.04,1.04,2.168,1,4,8.159,8.159,10.53,1,1,0.761,0.761,1.776,1,1,1.821,1.821,2.977,1,2,0.646,1.597,2.358,2,2,1.523,1.523,2.261,1,1,1.473,1.473,2.459,1,4,1,1,4,21.292,27.578,30.841,4,,,1,2,1,1,2,2,2,2,1,3,3,3,4,3,3,3,3,3,2,2,3,3,4,3,1,2,1,1,2,2,2,2,1,3,3,3,4,3,3,3,3,3,2,2,3,3,4,3,56.755,171.036,171.768,59,4,I like the color red. There wasn't much difference between the robots.,24567050
2018-06-26 02:07:20,2018-06-26 02:27:54,0,74.215.10.65,100,1234,1,2018-06-26 02:27:55,R_ZI57cWJ8QY8k0oN,,,,,39.013107299805,-84.204902648926,anonymous,EN,1,1,31,3,4,1,5,1,5,2,5,4,5,5,4,1,5,1,4,5,5,4,1,5,2,5,4,5,5,5,1,5,1,5,4,5,4,5,2,5,1,4,1,5,1,5,4,4,3.883,194.897,198.786,53,5,5,4,1,4,2,1,1,4,1,5,2,2,4,8.356,107.724,112.575,18,2,13.44,13.44,14.417,1,2,1.096,1.096,5.226,1,1,34.922,34.922,45.195,1,1,0.701,0.701,1.752,1,1,0.667,0.667,1.993,1,2,0.905,0.905,2.075,1,2,0.434,0.434,1.641,1,2,1.293,1.293,2.724,1,1,4,1,1,12.023,32.986,35.069,9,,,1,1,2,1,1,1,2,1,1,3,4,2,4,4,2,2,4,2,4,2,4,4,5,1,1,1,2,1,1,1,2,1,1,3,4,2,4,4,2,2,4,2,4,2,4,4,5,1,1.539,260.965,278.975,60,5,It more often had the order I myself would have put the statements in.,71371102
2018-06-26 02:07:06,2018-06-26 02:28:51,0,110.54.193.153,100,1305,1,2018-06-26 02:28:52,R_dm4NgzVKNCxQIw1,,,,,14.482498168945,120.91690063477,anonymous,EN,1,2,46,5,5,1,5,1,5,3,5,1,5,5,5,1,5,1,5,5,5,1,1,5,2,5,1,5,5,5,3,5,1,4,2,5,5,5,3,5,2,5,1,5,2,4,2,4,6.411,124.486,127.484,46,4,5,4,2,4,2,1,2,2,2,3,2,2,1,9.369,85.842,87.552,14,2,4.622,4.622,7.198,1,2,1.656,1.656,2.978,1,4,56.15,58.065,58.573,2,1,1.567,3.185,4.414,2,2,1.862,1.862,3.366,1,2,3.399,3.399,5.42,1,1,2.193,2.193,3.374,1,2,1.512,1.512,3.248,1,1,1,4,1,7.76,36.758,38.139,4,,,3,3,2,3,3,5,3,1,2,4,3,3,4,4,5,5,4,4,3,4,3,3,4,3,4,4,3,4,4,5,4,1,3,4,3,3,4,4,5,5,3,4,3,4,3,3,4,3,61.588,197.759,199.449,49,5,The blue robot seemed to be more precise.,35084922
2018-06-26 02:18:51,2018-06-26 02:29:35,0,69.181.245.243,100,643,1,2018-06-26 02:29:36,R_T75BYgrTMmWEN69,,,,,37.218307495117,-121.75389862061,anonymous,EN,1,2,36,5,5,1,5,1,5,1,5,1,5,5,5,1,5,1,5,5,5,1,1,5,1,5,1,5,5,5,1,5,1,4,1,5,5,5,1,5,2,5,1,5,1,5,1,5,0,0,42.335,0,1,2,4,2,1,2,4,2,2,5,2,3,2,3,8.694,12.918,12.895,17,2,0,0,4.629,0,1,1.406,1.424,2.097,2,4,11.661,11.687,13.499,2,1,0.668,0.668,1.314,1,2,1.431,2.266,3.304,2,2,0.314,0.314,1.198,1,1,0.261,0.694,1.358,2,2,0.375,0.375,1.29,1,1,1,1,4,2.147,4.296,5.146,5,4,3,4,5,4,4,5,3,4,3,5,5,4,3,5,4,5,5,3,3,4,3,3,4,4,4,4,5,5,2,5,3,4,5,3,5,4,3,4,4,3,5,4,4,5,3,3,5,4,4,29.591,41.779,45.976,11,5,It seemed the most accurate overall,36313729
2018-06-26 02:15:10,2018-06-26 02:30:17,0,73.224.73.231,100,906,1,2018-06-26 02:30:17,R_331FGbY7ZR6a82R,,,,,30.167205810547,-81.771499633789,anonymous,EN,1,1,44,3,2,2,5,2,4,4,5,1,2,5,4,2,5,4,4,2,4,1,5,5,4,4,1,1,4,2,1,5,4,5,5,5,5,2,2,2,1,5,5,4,1,3,1,4,3.083,72.739,73.687,45,1,1,5,1,5,5,2,1,1,1,1,1,2,5,4.018,38.129,39.854,15,1,3.781,3.781,5.862,1,1,1.035,1.035,2.073,1,4,20.19,20.19,21.207,1,1,0.56,0.56,1.539,1,2,0.876,0.876,1.712,1,2,0.764,0.764,1.737,1,1,0.688,0.688,1.42,1,2,0.812,0.812,1.576,1,4,4,4,1,9.366,19.14,19.856,4,1,1,4,4,2,4,2,3,3,1,3,5,5,3,4,5,5,5,4,3,4,3,4,3,4,1,3,3,2,3,1,3,4,1,2,5,4,4,4,5,5,5,4,4,4,3,4,4,3,1,27.889,138.184,139.14,56,4,I feel the red robot's answers were correct most of the time. I also felt this robot was more confident.,45922746
2018-06-26 02:05:56,2018-06-26 02:33:01,0,42.106.10.146,100,1624,1,2018-06-26 02:33:02,R_tFYs60AJvQj6nCh,,,,,23.033294677734,72.61669921875,anonymous,EN,1,2,26,6,5,4,4,1,2,4,5,4,4,4,4,4,4,4,4,3,4,4,4,4,5,4,4,4,4,4,4,4,3,3,3,3,3,3,3,4,4,3,4,4,4,4,4,4,4.956,251.573,253.614,44,4,3,4,4,4,3,1,3,3,3,3,3,3,4,21.562,50.696,54.277,16,2,3.036,3.036,4.242,1,1,0.465,0.465,1.331,1,4,3.825,3.825,5.609,1,2,0.589,1.081,2.256,2,1,0.933,0.933,1.735,1,1,17.128,17.128,19.726,1,1,6.117,7.608,8.711,2,1,46.218,46.218,47.208,1,4,4,4,1,10.096,15.631,16.753,4,3,3,2,2,3,2,3,3,3,2,3,3,3,2,3,4,4,4,3,3,3,3,3,4,3,4,4,4,3,4,3,3,3,3,3,3,3,4,3,4,4,4,3,3,3,3,3,4,3,3,7.474,131.332,132.592,54,4,this robot is more nutural.,85625600
2018-06-26 02:21:34,2018-06-26 02:36:28,0,38.132.117.103,100,894,1,2018-06-26 02:36:29,R_2R94tmxaEnqInfU,,,,,37.751007080078,-97.821998596191,anonymous,EN,1,2,30,5,5,1,5,1,4,1,4,1,4,1,4,1,4,1,4,1,4,1,1,4,1,4,1,4,4,4,1,4,1,4,1,4,4,1,1,4,1,4,1,4,1,4,1,4,4.722,126.217,126.951,47,2,2,3,3,3,3,2,3,3,3,2,2,2,3,86.014,97.689,98.808,14,1,1.555,1.555,2.335,1,2,2.799,2.799,3.867,1,1,3.165,3.165,4.388,1,1,0.584,0.584,1.368,1,1,0.761,0.761,1.613,1,1,0.949,0.949,1.653,1,1,0.912,0.912,1.907,1,2,0.715,1.58,2.303,2,1,1,1,1,3.031,4.308,5.06,4,3,3,4,4,3,4,4,4,4,4,4,4,4,4,4,4,4,4,4,4,4,4,4,4,4,4,3,3,3,3,3,3,3,3,3,3,3,3,3,3,3,3,3,3,3,3,3,3,3,3,10.03,46.091,47.555,70,5,"it is more authentic  ",36242400
2018-06-26 02:23:43,2018-06-26 02:38:19,0,76.104.228.49,100,876,1,2018-06-26 02:38:20,R_3nckSMIEpH7FAd9,,,,,48.798202514648,-122.40980529785,anonymous,EN,1,1,24,4,1,3,5,4,5,4,4,2,2,5,2,2,5,5,5,4,4,3,3,5,5,4,1,3,5,2,5,5,4,5,5,4,4,3,3,2,3,4,4,5,2,4,3,5,3.276,109.873,110.79,48,3,3,3,3,5,3,3,3,3,2,5,2,3,3,5.453,66.901,68.12,14,1,2.952,2.952,4.095,1,1,1.312,1.312,2.592,1,4,6.061,6.061,7.889,1,2,2.076,2.076,3.206,1,1,0,0,0.975,0,1,1.955,1.955,2.935,1,2,0.007,0.007,1.187,1,1,0,0,0.788,0,4,4,4,1,3.693,13.003,14.01,4,,,3,3,3,4,1,3,3,1,2,2,3,3,3,4,3,4,4,4,3,3,2,5,5,1,3,3,3,2,1,3,3,1,2,2,3,3,3,4,3,4,5,5,3,3,3,5,5,1,2.094,210.151,211.761,72,4,"I like how it lists both options first, easier that way",70313800
2018-06-26 02:06:03,2018-06-26 02:40:06,0,45.48.226.100,100,2042,1,2018-06-26 02:40:07,R_3MMeCz1JfujE5sV,,,,,34.076400756836,-118.26260375977,anonymous,EN,1,2,33,5,2,4,3,1,5,3,4,1,5,2,4,2,4,1,2,3,4,2,1,3,2,5,1,4,4,4,2,5,2,4,2,4,3,2,3,4,3,2,2,3,3,3,2,4,28.139,96.651,97.986,28,3,2,5,2,4,4,2,2,2,2,3,2,3,2,10.17,45.288,46.327,9,1,13.946,13.946,15.589,1,1,0.762,0.762,2.198,1,4,16.425,17.614,18.997,2,1,0.876,0.876,2.4,1,2,3.076,3.076,5.135,1,2,4.257,5.609,7.466,2,1,7.475,7.475,10.17,1,2,1.924,1.924,3.678,1,1,1,1,4,38.377,38.944,40.567,2,1,4,4,5,2,2,3,3,4,5,3,4,3,4,4,4,4,4,4,4,3,3,4,3,4,3,3,4,2,2,3,3,2,2,3,4,3,4,4,4,4,4,3,3,2,2,2,3,4,3,56.09,230.454,232.108,42,5,I think the Blue was more accurate in following directions.,11503361
2018-06-26 03:12:52,2018-06-26 03:27:04,0,71.76.146.142,100,851,1,2018-06-26 03:27:05,R_TouA7W3gcR3lNId,,,,,36.182403564453,-79.806701660156,anonymous,EN,1,1,27,3,1,1,5,4,2,5,4,2,2,5,5,1,2,4,2,2,3,2,4,5,5,5,4,2,2,2,2,4,4,5,2,5,2,2,1,2,4,2,4,5,2,5,1,3,2.104,84.911,86.472,49,4,4,2,4,2,2,4,2,4,4,4,4,2,2,3.027,42.646,43.433,17,1,4.488,4.488,5.237,1,1,0.578,0.578,1.22,1,4,4.065,5.501,6.216,2,2,0.819,0.819,1.608,1,1,0.627,0.627,1.449,1,2,0.638,2.323,3.368,2,2,0.325,0.325,1.021,1,1,0.337,0.337,1.053,1,4,1,4,1,10.779,16.584,19.007,4,1,5,4,3,3,3,4,4,4,4,4,4,4,2,3,4,2,2,3,3,5,5,4,5,5,3,4,3,3,3,2,3,3,2,2,3,3,2,3,2,2,2,3,3,5,5,4,3,3,3,8.339,179.967,184.696,64,5,It seemed a bit more calm - maybe just my impression.,98649614
2018-06-26 03:06:38,2018-06-26 03:29:18,0,108.29.64.50,100,1359,1,2018-06-26 03:29:19,R_2sYixMN9SVTLcA7,,,,,40.623397827148,-74.028800964355,anonymous,EN,1,1,57,2,2,1,5,2,4,5,5,1,4,5,3,1,5,3,4,3,5,1,1,3,4,4,1,5,3,4,1,5,3,4,4,5,5,3,5,2,1,5,2,3,2,5,2,3,16.136,230.197,231.089,103,2,3,4,2,4,4,2,2,2,2,2,1,2,3,7.902,91.29,92.378,39,2,2.409,2.335,7.371,2,1,4.129,4.061,5.03,2,1,22.607,33.032,35.743,3,1,0.416,0.455,1.468,2,2,0.225,0.249,1.373,2,2,0.438,0.462,1.741,2,1,0.054,0,1.445,2,2,0.986,1.006,2.352,2,1,1,1,4,5.029,24.427,25.72,11,,,3,2,3,2,1,3,2,1,1,3,3,3,3,3,3,3,4,4,2,3,4,4,4,1,3,2,3,2,1,3,2,1,1,3,3,3,3,3,3,3,3,3,2,3,3,3,3,1,16.795,240.452,244.377,124,5,Seemed to give better answers. Like the blue color,46828597
2018-06-26 03:08:24,2018-06-26 03:32:26,0,69.139.25.59,100,1441,1,2018-06-26 03:32:26,R_1QEBqxk5Lbn7Ql3,,,,,40.102996826172,-74.941497802734,anonymous,EN,1,1,50,3,4,1,5,1,4,3,5,1,5,5,5,1,5,3,5,4,5,1,2,5,3,5,1,5,4,4,1,5,3,5,4,5,5,5,4,3,1,5,2,4,5,5,1,4,10.689,197.482,198.247,48,3,2,4,2,4,3,1,2,3,2,3,2,3,3,24.723,136.952,137.995,14,2,19.709,19.709,20.45,1,1,0.897,0.897,2.025,1,4,3.162,3.162,5.639,1,2,1.699,1.699,2.604,1,2,1.265,1.265,2.45,1,1,0.866,0.866,1.925,1,2,0.638,0.638,1.415,1,2,1.011,1.011,1.945,1,1,4,1,4,15.841,25.363,26.1,4,3,3,3,2,3,2,2,4,3,2,2,3,4,3,4,4,5,5,4,4,4,4,3,3,4,2,3,2,3,2,2,4,3,2,2,3,4,3,4,4,5,5,4,4,4,4,3,3,4,2,43.094,294.882,295.657,70,5,I felt this robot was more accurate with the answers.,22768017
2018-06-26 03:14:17,2018-06-26 03:36:09,0,173.92.76.163,100,1311,1,2018-06-26 03:36:09,R_1jIIFpPYSsEQPKV,,,,,35.131103515625,-80.851196289062,anonymous,EN,1,2,52,2,5,1,5,5,5,4,5,1,1,5,3,1,5,5,5,3,5,1,5,5,4,3,1,3,5,5,1,5,4,5,2,5,5,3,3,5,1,5,5,5,1,5,2,5,4.886,140.605,143.088,45,3,4,5,2,4,4,1,2,3,1,3,1,3,3,11.445,89.538,92.358,16,1,3.466,3.466,12.48,1,1,2.63,2.63,4.303,1,4,67.81,67.81,90.281,1,2,0.612,0.612,2.852,1,1,1.903,1.903,2.936,1,1,0.056,0.056,1.284,1,2,0,0,1.571,0,1,0,0,1.276,0,4,4,4,4,8.393,31.166,33.383,4,,,4,4,5,5,3,4,4,3,4,4,4,5,5,5,5,5,4,4,4,5,4,3,5,3,5,4,5,5,4,4,4,3,4,5,5,5,5,5,5,5,4,5,4,5,4,3,5,3,49.407,232.319,233.787,49,4,seems to think more human-like with the questions and scenarios given.,63209192
2018-06-26 03:10:16,2018-06-26 03:37:23,0,108.29.67.183,100,1626,1,2018-06-26 03:37:24,R_d9XR9XUJ15esBDX,,,,,40.663192749023,-73.553001403809,anonymous,EN,1,1,44,3,4,4,5,3,4,5,5,2,2,5,2,3,5,4,2,4,4,1,5,4,4,4,1,1,4,4,1,4,4,1,1,5,5,2,4,3,2,4,4,4,4,4,5,4,3.734,236.484,237.686,50,2,2,4,2,4,4,1,2,2,2,2,2,2,2,5.944,86.703,88.311,15,1,4.626,4.626,5.659,1,2,0.754,0.754,1.578,1,1,13.507,13.507,14.845,1,1,1.141,1.141,1.881,1,1,0.743,0.743,1.481,1,1,0.564,0.564,1.335,1,2,1.603,1.603,2.32,1,1,0.379,0.379,1.19,1,1,4,4,1,217.124,442.18,443.436,4,3,3,4,4,4,4,4,4,4,4,5,5,5,5,5,5,5,5,5,5,4,5,5,5,4,4,4,4,4,4,4,4,4,4,5,5,5,5,5,5,5,5,5,5,4,5,5,5,4,4,28.624,236.34,238.39,51,5,"it was hard to decide to choose both robots to be honest i liked both,but i chose blue for his personality",73592086
2018-06-26 03:15:30,2018-06-26 03:53:18,0,71.60.31.147,100,2267,1,2018-06-26 03:53:19,R_2ds8E8QE671cnsy,,,,,40.063995361328,-80.720901489258,anonymous,EN,1,2,31,5,4,5,5,1,5,1,2,4,5,5,5,1,5,1,5,5,1,1,1,5,2,1,1,5,5,4,4,5,1,5,4,5,5,5,4,5,4,5,1,5,1,4,1,5,701.235,1033.129,1033.576,56,3,4,4,1,5,2,1,1,2,1,4,1,2,3,72.402,127.329,128.165,16,2,0.99,1.661,1.981,2,1,0.701,0.701,1.744,1,4,9.427,9.427,11.632,1,2,0.423,1.034,1.329,2,2,0.346,1.063,1.392,2,2,0.562,0.562,1.263,1,1,0.508,0.508,1.248,1,2,1.45,1.45,2.234,1,1,1,1,1,2.69,4.524,7.346,4,2,4,5,5,2,3,4,4,4,4,4,5,4,5,5,5,5,5,5,5,5,5,5,5,5,1,2,2,2,3,4,4,4,4,4,5,4,5,5,5,5,5,4,4,5,4,5,5,5,1,551.675,631.962,633.43,112,5,It seemed to be more intelligent,72655224
2018-06-26 04:47:19,2018-06-26 04:58:33,0,184.170.76.155,100,673,1,2018-06-26 04:58:33,R_pyeDS4EvE1k4qad,,,,,37.103500366211,-80.420700073242,anonymous,EN,1,2,27,3,4,1,5,1,5,1,5,1,5,5,4,1,5,1,4,5,5,2,1,5,2,4,1,5,5,4,1,5,1,5,1,5,5,5,3,4,1,5,1,5,1,5,1,4,0,0,50.212,0,3,3,4,1,4,3,1,1,2,1,2,1,1,1,0,0,24.411,0,1,0.503,0.503,1.268,1,1,2.49,2.49,2.942,1,4,6.628,6.628,7.061,1,2,0.421,0.421,0.62,1,2,0.351,0.351,2.21,1,1,2.029,3.786,4.557,2,1,0.551,0.551,1.142,1,1,0.356,0.356,0.674,1,4,4,4,4,0,0,5.847,0,1,1,1,1,1,1,1,1,1,1,1,3,3,3,3,3,3,4,4,3,3,4,3,5,5,2,1,1,1,1,1,1,1,1,1,3,3,3,3,3,3,4,4,3,3,4,3,5,5,2,19.569,22.111,63.482,4,4,"Red seemed to give the more accurate answers more frequently, which demonstrates a slightly higher level of intelligence.",15605360
2018-06-26 04:33:45,2018-06-26 05:03:58,0,73.230.218.46,100,1813,1,2018-06-26 05:03:59,R_zdsOA3BsmHUdXtT,,,,,40.255798339844,-76.858596801758,anonymous,EN,1,1,22,2,2,3,2,5,4,4,4,4,2,5,2,2,4,4,4,3,4,4,4,4,4,4,5,2,4,2,4,3,4,5,5,5,4,4,4,2,2,3,4,4,1,5,3,3,6.575,198.342,199.12,44,4,4,3,3,4,3,2,4,2,3,4,4,4,4,19.964,163.284,164.132,14,2,36.868,36.868,38.232,1,2,0.633,0.633,1.406,1,4,11.223,11.223,15.795,1,2,0.951,0.951,8.921,1,1,0.333,0.333,0.969,1,1,10.6,11.218,12.131,2,2,0.783,0.783,1.669,1,2,1.122,1.122,1.788,1,1,1,1,1,11.319,22.371,23.57,4,1,2,3,3,3,2,2,3,4,2,2,4,4,3,4,4,4,4,4,4,4,4,4,4,4,2,2,2,3,2,2,3,4,1,2,4,4,2,4,4,3,4,4,4,4,4,4,4,4,2,35.857,522.72,524.624,55,5,I preferred their answers and the way it moved.,68069936
