,question,option,full_text,dict_text,2,3,4,5,6,7,8,9,10,11,12,13,14,15,16,17,18,19,20,21,22,23,24,25,26,27,28,29,30,31
StartDate,"startDate,timeZone",,Start Date,"{""ImportId"":""startDate"",""timeZone"":""America/Denver""}",2018-07-04 11:35:09,2018-07-04 11:39:33,2018-07-04 11:35:54,2018-07-04 11:37:53,2018-07-04 11:41:01,2018-07-04 11:37:43,2018-07-04 11:53:50,2018-07-04 11:42:14,2018-07-04 11:41:02,2018-07-04 11:41:53,2018-07-04 11:35:37,2018-07-04 11:43:32,2018-07-04 11:44:01,2018-07-04 11:47:02,2018-07-04 11:47:11,2018-07-04 11:36:40,2018-07-04 11:42:26,2018-07-04 11:49:50,2018-07-04 11:41:30,2018-07-04 11:42:48,2018-07-04 11:51:08,2018-07-04 12:05:40,2018-07-04 11:34:59,2018-07-04 12:19:50,2018-07-04 12:02:27,2018-07-04 12:18:45,2018-07-04 12:23:44,2018-07-04 13:08:28,2018-07-04 13:12:40,2018-07-04 13:39:10
EndDate,"endDate,timeZone",,End Date,"{""ImportId"":""endDate"",""timeZone"":""America/Denver""}",2018-07-04 11:46:50,2018-07-04 11:50:06,2018-07-04 11:51:08,2018-07-04 11:52:48,2018-07-04 11:53:31,2018-07-04 11:54:23,2018-07-04 11:55:56,2018-07-04 11:56:18,2018-07-04 11:56:39,2018-07-04 11:57:55,2018-07-04 11:59:37,2018-07-04 11:59:54,2018-07-04 12:01:02,2018-07-04 12:02:16,2018-07-04 12:02:28,2018-07-04 12:04:44,2018-07-04 12:06:28,2018-07-04 12:06:52,2018-07-04 12:09:52,2018-07-04 12:10:40,2018-07-04 12:21:00,2018-07-04 12:22:47,2018-07-04 12:25:45,2018-07-04 12:33:46,2018-07-04 12:35:24,2018-07-04 12:42:36,2018-07-04 12:47:10,2018-07-04 13:24:35,2018-07-04 13:29:35,2018-07-04 14:00:41
Status,status,,Response Type,"{""ImportId"":""status""}",0,0,0,0,0,0,0,0,0,0,0,0,0,0,0,0,0,0,0,0,0,0,0,0,0,0,0,0,0,0
IPAddress,ipAddress,,IP Address,"{""ImportId"":""ipAddress""}",100.11.252.6,206.201.80.36,24.192.91.104,73.2.27.58,71.204.253.18,24.18.91.252,98.200.12.180,216.14.250.140,74.97.26.167,216.106.39.229,50.93.225.4,64.250.12.111,97.90.218.142,96.249.230.160,171.243.90.166,108.18.70.89,73.92.5.208,68.204.213.212,67.44.208.105,73.255.3.61,66.199.58.117,64.183.114.58,108.77.159.58,174.226.1.144,68.0.187.240,97.88.73.246,173.56.245.139,71.184.155.101,107.1.159.106,71.200.185.179
Progress,progress,,Progress,"{""ImportId"":""progress""}",100,100,100,100,100,100,100,100,100,100,100,100,100,100,100,100,100,100,100,100,100,100,100,100,100,100,100,100,100,100
Duration (in seconds),duration,,Duration (in seconds),"{""ImportId"":""duration""}",700,632,913,894,749,999,125,843,937,961,1440,981,1020,914,917,1683,1442,1021,1701,1672,1791,1027,3046,836,1977,1430,1405,966,1015,1290
Finished,finished,,Finished,"{""ImportId"":""finished""}",1,1,1,1,1,1,1,1,1,1,1,1,1,1,1,1,1,1,1,1,1,1,1,1,1,1,1,1,1,1
RecordedDate,"recordedDate,timeZone",,Recorded Date,"{""ImportId"":""recordedDate"",""timeZone"":""America/Denver""}",2018-07-04 11:46:50,2018-07-04 11:50:07,2018-07-04 11:51:09,2018-07-04 11:52:49,2018-07-04 11:53:31,2018-07-04 11:54:23,2018-07-04 11:55:57,2018-07-04 11:56:18,2018-07-04 11:56:40,2018-07-04 11:57:55,2018-07-04 11:59:38,2018-07-04 11:59:54,2018-07-04 12:01:02,2018-07-04 12:02:17,2018-07-04 12:02:29,2018-07-04 12:04:46,2018-07-04 12:06:29,2018-07-04 12:06:53,2018-07-04 12:09:53,2018-07-04 12:10:41,2018-07-04 12:21:00,2018-07-04 12:22:48,2018-07-04 12:25:46,2018-07-04 12:33:47,2018-07-04 12:35:25,2018-07-04 12:42:37,2018-07-04 12:47:10,2018-07-04 13:24:35,2018-07-04 13:29:36,2018-07-04 14:00:41
ResponseId,ID,"recordId""}",Response ID,"{""ImportId"":""_recordId""}",R_3G6UJ6OY0Jx2Aa0,R_1gkDPL5qJxExZaX,R_33wf27BGDzYS7Rr,R_21BeJ0Cop7PCf1v,R_AEYxN8fu62T1nup,R_1r6LpnKSIxflAiv,R_r3JV3fdB2Xr4KqJ,R_3FL0xU5ZEL3wtMS,R_2uqTAnr64KCbBzv,R_shbWgGF0kOKu42B,R_3KNkr7Ia0i4I27z,R_3ETt035pNRn71Fy,R_1QmaBELRUV8k1HG,R_1DPi4zqCigomBO1,R_2E62UoN2PsImPUI,R_1o6EtS9icKfbwIy,R_dnzdcHAt33ys78R,R_3CNkjm67BwR3UKm,R_yHNMMmIiJqHKHip,R_VPavvEwKByl7pkd,R_216SzkO3J7ngebC,R_2dAPpi3oUmH3X9f,R_31HJoUHxsiZj2dh,R_1gRT5UhuM0bZGho,R_2eVIRdJgrZ2bDl4,R_3EiiUNUX3Su7Kio,R_2tGypwIsIUnkPWv,R_29v6ZSRqmfZ0I42,R_3oC6VpCyWTuwsjJ,R_3KO6JJ2UthC307F
RecipientLastName,recipientLastName,,Recipient Last Name,"{""ImportId"":""recipientLastName""}",,,,,,,,,,,,,,,,,,,,,,,,,,,,,,
RecipientFirstName,recipientFirstName,,Recipient First Name,"{""ImportId"":""recipientFirstName""}",,,,,,,,,,,,,,,,,,,,,,,,,,,,,,
RecipientEmail,recipientEmail,,Recipient Email,"{""ImportId"":""recipientEmail""}",,,,,,,,,,,,,,,,,,,,,,,,,,,,,,
ExternalReference,externalDataReference,,External Data Reference,"{""ImportId"":""externalDataReference""}",,,,,,,,,,,,,,,,,,,,,,,,,,,,,,
LocationLatitude,locationLatitude,,Location Latitude,"{""ImportId"":""locationLatitude""}",40.165603637695,32.690902709961,39.964904785156,38.784301757812,32.704895019531,47.901504516602,29.739700317383,47.5625,41.786102294922,38.481399536133,39.784698486328,29.347305297852,35.738693237305,37.062698364258,12.25,38.921295166016,38.350692749023,28.602401733398,37.751007080078,29.934204101562,28.971496582031,34.10319519043,33.558303833008,36.837203979492,31.591796875,38.786193847656,40.780502319336,42.590805053711,41.922393798828,38.350997924805
LocationLongitude,locationLongitude,,Location Longitude,"{""ImportId"":""locationLongitude""}",-74.821899414062,-97.263801574707,-83.138298034668,-121.37060546875,-80.271598815918,-122.18440246582,-95.523803710938,-115.44200134277,-71.400100708008,-92.127296447754,-99.311698913574,-98.100898742676,-82.054801940918,-76.405197143555,109.18328857422,-77.038597106934,-121.93260192871,-81.358901977539,-97.821998596191,-95.405700683594,-95.578598022461,-118.45249938965,-85.000801086426,-76.14640045166,-110.17189788818,-93.723899841309,-73.951202392578,-71.80549621582,-87.652397155762,-75.54460144043
DistributionChannel,distributionChannel,,Distribution Channel,"{""ImportId"":""distributionChannel""}",anonymous,anonymous,anonymous,anonymous,anonymous,anonymous,anonymous,anonymous,anonymous,anonymous,anonymous,anonymous,anonymous,anonymous,anonymous,anonymous,anonymous,anonymous,anonymous,anonymous,anonymous,anonymous,anonymous,anonymous,anonymous,anonymous,anonymous,anonymous,anonymous,anonymous
UserLanguage,userLanguage,,User Language,"{""ImportId"":""userLanguage""}",EN,EN,EN,EN,EN,EN,EN,EN,EN,EN,EN,EN,EN,EN,EN,EN,EN,EN,EN,EN,EN,EN,EN,EN,EN,EN,EN,EN,EN,EN
Q1.2,QID83,,"I am age 18 or older, I have read and understood the information above, I want to participate in this research and continue with the survey:","{""ImportId"":""QID83""}",1,1,1,1,1,1,1,1,1,1,1,1,1,1,1,1,1,1,1,1,1,1,1,1,1,1,1,1,1,1
Q1.3,gender,,To which gender identity do you most identify?,"{""ImportId"":""QID84""}",1,1,1,1,1,1,1,1,1,1,1,1,1,1,1,1,1,1,1,1,1,1,1,1,1,1,1,1,1,1
Q1.4,age,"TEXT""}",What is your age?,"{""ImportId"":""QID85_TEXT""}",48,30,27,61,33,35,26,37,42,42,35,48,66,44,46,35,35,57,46,25,52,39,33,32,24,58,34,37,26,24
Q1.5,education,,"What is the highest degree or level of school you have completed? (If 
youâ€™re currently enrolled in school, please indicate the highest degree 
you have received.)","{""ImportId"":""QID86""}",2,6,5,4,7,6,3,5,5,4,5,4,3,5,6,5,4,4,4,1,5,3,2,3,3,3,3,6,6,2
Q2.1_1,BFI,1,I see myself as someone who is: - Is talkative,"{""ImportId"":""QID77_1""}",2,1,2,3,2,4,4,4,2,5,5,5,5,4,3,2,2,4,4,2,4,4,2,5,2,3,1,1,4,4
Q2.1_2,BFI,2,I see myself as someone who is: - Tends to find fault with others,"{""ImportId"":""QID77_2""}",2,5,1,2,4,2,3,2,2,2,2,4,1,1,1,2,1,2,1,3,1,1,2,2,2,4,1,4,4,4
Q2.1_3,BFI,3,I see myself as someone who is: - Does a thorough job,"{""ImportId"":""QID77_3""}",3,5,4,5,4,5,3,4,5,5,5,5,5,5,1,5,4,4,5,4,5,5,4,5,4,5,5,3,4,4
Q2.1_4,BFI,4,"I see myself as someone who is: - Is depressed, blue","{""ImportId"":""QID77_4""}",1,1,3,1,4,1,3,1,4,1,1,5,1,1,2,3,1,2,3,2,2,1,2,1,3,4,1,4,4,2
Q2.1_5,BFI,5,"I see myself as someone who is: - Is original, comes up with new ideas","{""ImportId"":""QID77_5""}",3,3,4,5,3,4,4,4,5,4,2,5,5,2,4,4,3,4,4,3,4,4,3,5,4,3,4,3,4,4
Q2.1_6,BFI,6,I see myself as someone who is: - Is reserved,"{""ImportId"":""QID77_6""}",3,4,4,3,4,5,3,2,4,1,4,1,1,4,5,5,4,2,1,5,5,2,4,1,4,3,5,4,5,2
Q2.1_7,BFI,7,I see myself as someone who is: - Is helpful and unselfish with others,"{""ImportId"":""QID77_7""}",3,3,3,4,4,5,4,4,4,5,5,5,5,4,4,3,4,4,4,4,4,4,4,5,4,3,2,3,3,4
Q2.1_8,BFI,8,I see myself as someone who is: - Can be somewhat careless,"{""ImportId"":""QID77_8""}",2,4,3,2,2,1,3,2,1,2,1,2,1,2,3,3,1,2,1,2,2,1,2,1,2,2,2,1,2,2
Q2.1_9,BFI,9,"I see myself as someone who is: - Is relaxed, handles stress well","{""ImportId"":""QID77_9""}",4,4,3,4,2,4,4,2,2,4,4,1,5,4,2,4,5,4,4,4,4,5,3,5,3,4,5,1,1,3
Q2.1_10,BFI,10,I see myself as someone who is: - Is curious about many different things,"{""ImportId"":""QID77_10""}",4,4,4,5,4,5,3,3,5,4,4,5,5,3,1,5,5,4,5,4,5,4,4,5,4,4,1,3,5,4
Q2.1_11,BFI,11,I see myself as someone who is: - Is full of energy,"{""ImportId"":""QID77_11""}",3,3,3,3,3,4,3,4,3,4,5,5,3,4,3,2,4,4,3,3,3,4,3,5,4,2,1,1,4,3
Q2.1_12,BFI,12,I see myself as someone who is: - Starts quarrels with others,"{""ImportId"":""QID77_12""}",3,2,1,1,1,1,3,2,1,1,1,1,1,1,2,1,1,2,1,1,1,1,2,1,2,1,1,4,4,3
Q2.1_13,BFI,13,I see myself as someone who is: - Is a reliable worker,"{""ImportId"":""QID77_13""}",5,5,5,5,3,5,4,4,5,5,5,5,5,5,4,5,5,4,5,4,5,5,4,5,4,5,5,3,5,4
Q2.1_14,BFI,14,I see myself as someone who is: - Can be tense,"{""ImportId"":""QID77_14""}",3,4,2,2,4,4,2,4,4,3,1,1,1,2,5,5,1,2,4,2,2,2,2,1,3,3,1,5,5,3
Q2.1_15,BFI,15,"I see myself as someone who is: - Is ingenious, a deep thinker","{""ImportId"":""QID77_15""}",3,3,3,5,2,5,4,3,5,3,4,5,5,3,4,3,3,4,5,1,4,3,3,5,4,3,1,3,2,4
Q2.1_16,BFI,16,I see myself as someone who is: - Generates a lot of enthusiasm,"{""ImportId"":""QID77_16""}",3,3,2,3,3,4,2,4,3,3,5,5,4,3,2,1,2,4,3,2,3,2,2,5,3,2,3,2,3,3
Q2.1_17,BFI,17,I see myself as someone who is: - Has a forgiving nature,"{""ImportId"":""QID77_17""}",4,2,3,4,4,5,4,4,1,5,5,5,5,2,4,3,4,4,4,4,3,4,3,5,4,2,3,1,4,3
Q2.1_18,BFI,18,I see myself as someone who is: - Tends to be disorganized,"{""ImportId"":""QID77_18""}",3,4,2,1,1,1,3,2,1,1,1,2,1,2,3,3,2,2,1,1,2,1,2,1,3,2,4,1,1,2
Q2.1_19,BFI,19,I see myself as someone who is: - Worries a lot,"{""ImportId"":""QID77_19""}",4,4,2,1,4,4,2,3,5,3,4,5,1,1,1,3,2,2,4,2,5,1,4,1,4,4,2,5,5,4
Q2.1_20,BFI,20,I see myself as someone who is: - Has ana active imagination,"{""ImportId"":""QID77_20""}",2,2,5,5,4,4,4,3,5,4,4,5,5,3,3,5,4,4,4,3,5,3,3,5,3,3,5,3,5,4
Q2.1_21,BFI,21,I see myself as someone who is: - Tends to be quiet,"{""ImportId"":""QID77_21""}",4,4,4,3,4,4,3,3,4,1,1,1,1,3,4,5,4,2,1,5,4,2,4,1,4,3,5,5,5,2
Q2.1_22,BFI,22,I see myself as someone who is: - Is generally trusting,"{""ImportId"":""QID77_22""}",3,1,5,4,4,4,4,3,5,3,4,4,5,2,2,4,5,4,2,4,3,4,3,5,4,2,5,1,1,5
Q2.1_23,BFI,23,I see myself as someone who is: - Tends to be lazy,"{""ImportId"":""QID77_23""}",3,4,4,3,3,1,3,1,2,1,1,2,1,2,2,3,2,2,1,2,2,1,2,1,2,1,1,3,1,2
Q2.1_24,BFI,24,"I see myself as someone who is: - Is emotionally stable, not easily upset","{""ImportId"":""QID77_24""}",3,1,3,5,2,4,3,3,2,5,5,1,5,4,1,4,5,4,4,4,4,5,3,5,4,4,1,2,1,4
Q2.1_25,BFI,25,I see myself as someone who is: - Is inventive,"{""ImportId"":""QID77_25""}",3,1,4,5,2,4,4,3,5,4,2,5,5,2,4,3,2,4,4,2,4,3,4,5,3,3,4,2,3,3
Q2.1_26,BFI,26,I see myself as someone who is: - Has an assertive personality,"{""ImportId"":""QID77_26""}",2,2,2,4,2,4,2,3,2,5,4,4,5,3,3,3,2,4,4,1,2,1,2,4,2,4,1,4,1,3
Q2.1_27,BFI,27,I see myself as someone who is: - Can be cold and aloof,"{""ImportId"":""QID77_27""}",3,4,1,2,3,1,4,1,2,1,1,1,1,2,5,4,1,2,2,1,2,1,2,1,2,3,2,4,1,3
Q2.1_28,BFI,28,I see myself as someone who is: - Preseveres until the task is finished,"{""ImportId"":""QID77_28""}",4,5,4,5,3,5,3,4,5,5,5,5,4,4,1,3,5,4,4,4,5,5,4,5,4,5,3,3,3,4
Q2.1_29,BFI,29,I see myself as someone who is: - Can be moody,"{""ImportId"":""QID77_29""}",2,3,4,2,4,2,3,3,4,4,1,2,1,4,2,5,1,2,2,3,3,1,2,1,3,3,1,4,5,3
Q2.1_30,BFI,30,"I see myself as someone who is: - Values artistic, aesthetic experiences","{""ImportId"":""QID77_30""}",3,1,4,5,4,4,3,4,5,4,4,5,5,3,4,5,1,4,4,2,5,4,2,5,4,3,5,4,5,4
Q2.1_31,BFI,31,"I see myself as someone who is: - Is sometimes shy, inhibited","{""ImportId"":""QID77_31""}",3,4,4,2,5,4,2,3,3,1,1,1,1,4,2,5,1,2,1,5,5,4,4,1,4,2,5,3,5,2
Q2.1_32,BFI,32,I see myself as someone who is: - Is considerate and kind to almost everyone,"{""ImportId"":""QID77_32""}",3,4,4,4,4,5,4,5,2,5,5,5,5,4,1,4,4,4,4,4,4,4,4,5,4,4,5,3,4,4
Q2.1_33,BFI,33,I see myself as someone who is: - Does things efficiently,"{""ImportId"":""QID77_33""}",4,4,5,5,4,4,3,4,4,4,5,5,4,4,4,4,4,4,5,4,5,5,4,5,4,5,5,2,5,4
Q2.1_34,BFI,34,I see myself as someone who is: - Remains calm in tense situations,"{""ImportId"":""QID77_34""}",4,4,3,4,2,5,3,2,4,4,4,4,5,4,2,4,5,4,4,3,4,5,3,5,3,4,5,1,1,4
Q2.1_35,BFI,35,I see myself as someone who is: - Prefers work that is routine,"{""ImportId"":""QID77_35""}",3,4,1,3,4,4,3,3,3,3,3,3,1,2,5,4,2,2,2,5,2,2,4,1,3,4,4,4,3,3
Q2.1_36,BFI,36,"I see myself as someone who is: - Is outgoing, sociable","{""ImportId"":""QID77_36""}",3,2,2,2,2,4,4,3,2,4,4,5,5,4,4,2,2,4,4,1,2,4,2,5,2,3,1,3,4,4
Q2.1_37,BFI,37,I see myself as someone who is: - Is sometimes rude to others,"{""ImportId"":""QID77_37""}",3,3,1,2,3,1,2,2,2,2,1,1,1,2,2,5,2,2,2,2,1,3,2,1,1,1,1,4,4,2
Q2.1_38,BFI,38,I see myself as someone who is: - Makes plans and follows through with them,"{""ImportId"":""QID77_38""}",3,4,3,4,4,5,3,4,2,5,5,5,4,4,1,3,4,4,4,4,4,5,4,5,4,4,1,3,5,4
Q2.1_39,BFI,39,I see myself as someone who is: - Gets nervous easily,"{""ImportId"":""QID77_39""}",3,3,3,2,4,2,4,3,4,2,1,3,1,2,3,1,1,2,3,3,3,1,4,1,3,2,3,4,5,2
Q2.1_40,BFI,40,"I see myself as someone who is: - Likes to reflect, play with ideas","{""ImportId"":""QID77_40""}",3,3,4,4,2,5,2,2,5,4,4,5,5,3,1,5,3,4,4,3,4,4,4,5,4,3,4,2,3,4
Q2.1_41,BFI,41,I see myself as someone who is: - Has few artistic interests,"{""ImportId"":""QID77_41""}",3,5,1,1,3,2,3,3,1,2,2,1,1,3,4,1,2,2,1,3,1,2,4,1,2,3,4,2,1,2
Q2.1_42,BFI,42,I see myself as someone who is: - Likes to cooperate with others,"{""ImportId"":""QID77_42""}",3,5,4,4,5,5,3,3,4,5,5,5,5,3,5,5,4,4,3,4,4,5,4,5,4,3,1,3,3,4
Q2.1_43,BFI,43,I see myself as someone who is: - Is easily disracted,"{""ImportId"":""QID77_43""}",2,2,2,2,2,2,3,1,2,2,1,3,1,2,2,2,2,2,4,2,4,1,2,1,2,2,3,2,4,2
Q2.1_44,BFI,44,"I see myself as someone who is: - Is sophisticated in art, music, or literature","{""ImportId"":""QID77_44""}",4,1,3,5,2,5,4,3,5,3,4,5,5,3,5,4,2,4,3,1,5,3,2,5,3,2,4,3,5,3
Q2.2_Page Submit,BFI,response_time,Timing - Page Submit,"{""ImportId"":""QID78_PAGE_SUBMIT""}",66.439,82.418,79.823,95.698,73.639,139.298,21.57,117.55,89.462,141.104,122.392,89.38,108.87,122.016,243.387,231.212,92.043,68.649,101.198,253.281,315.08,71.583,140.219,64.764,97.525,106.387,116.332,102.377,71.794,277.86
Q3.1_1,NARS,1,Click to write the question text - I would feel uneasy if robots really had emotions.,"{""ImportId"":""QID88_1""}",5,4,2,3,5,4,2,1,3,4,3,3,5,4,2,4,2,4,4,4,3,2,4,4,2,2,5,4,4,4
Q3.1_2,NARS,2,Click to write the question text - Something bad might happen if robots developed into living beings.,"{""ImportId"":""QID88_2""}",5,3,3,4,5,3,4,3,3,5,3,4,4,4,1,4,2,4,3,4,3,2,4,5,3,3,5,5,4,4
Q3.1_3,NARS,3,Click to write the question text - I would feel relaxed talking with robots.,"{""ImportId"":""QID88_3""}",3,2,4,4,2,4,3,1,4,3,3,5,3,2,1,5,4,4,3,1,4,4,2,4,4,4,1,2,3,3
Q3.1_4,NARS,4,Click to write the question text - I would feel uneasy if I was given a job where I had to use robots.,"{""ImportId"":""QID88_4""}",4,4,1,2,1,1,2,5,2,3,2,1,4,3,2,2,2,2,2,4,1,1,2,1,2,2,5,1,2,2
Q3.1_5,NARS,5,"Click to write the question text - If robots had emotions, I would be able to make friends with them.","{""ImportId"":""QID88_5""}",2,3,3,4,1,4,2,1,4,3,3,3,3,2,3,5,4,3,2,1,3,4,4,4,3,4,1,2,4,4
Q3.1_6,NARS,6,Click to write the question text - I (would?) feel comforted being with robots that have emotions.,"{""ImportId"":""QID88_6""}",2,2,5,3,2,2,3,1,3,2,3,3,2,2,5,1,4,3,3,1,3,5,2,2,3,4,1,2,3,3
Q3.1_7,NARS,7,"Click to write the question text - The word ""robot"" means nothing to me.","{""ImportId"":""QID88_7""}",3,1,1,2,3,1,4,1,2,2,2,1,2,2,5,4,2,2,1,3,1,1,2,1,1,1,3,1,1,1
Q3.1_8,NARS,8,Click to write the question text - I would feel nervous operating a robot in front of other people.,"{""ImportId"":""QID88_8""}",2,4,1,2,2,1,2,5,2,2,2,1,3,2,1,2,2,4,2,4,1,2,2,1,2,2,5,1,1,1
Q3.1_9,NARS,9,Click to write the question text - I would hate the idea that robots or artificial intelligence were making judgments about things.,"{""ImportId"":""QID88_9""}",5,4,2,3,5,1,4,5,2,4,4,1,4,3,3,5,2,5,4,4,1,1,2,2,3,3,5,3,4,4
Q3.1_10,NARS,10,Click to write the question text - I would feel very nervous just standing in front of a robot.,"{""ImportId"":""QID88_10""}",3,4,1,2,1,1,3,3,2,3,1,1,2,3,2,4,2,2,2,4,1,1,2,1,1,2,5,2,1,2
Q3.1_11,NARS,11,"Click to write the question text - I feel that if I depend on robots too much, something bad might happen.","{""ImportId"":""QID88_11""}",4,3,3,3,3,2,3,5,2,4,2,4,4,4,1,5,2,4,2,4,2,1,4,2,3,3,5,4,1,4
Q3.1_12,NARS,12,Click to write the question text - I would feel paranoid talking with a robot.,"{""ImportId"":""QID88_12""}",5,4,1,2,2,2,3,5,2,5,2,1,3,2,2,1,2,2,2,4,1,2,2,1,2,2,4,4,1,3
Q3.1_13,NARS,13,Click to write the question text - I am concerned that robots would be a bad influence on children.,"{""ImportId"":""QID88_13""}",5,4,4,2,2,1,4,5,2,3,2,1,3,2,2,3,2,3,1,3,2,1,2,2,2,2,5,2,1,1
Q3.1_14,NARS,14,Click to write the question text - I feel that in the future society will be dominated by robots.,"{""ImportId"":""QID88_14""}",5,4,4,4,1,2,2,5,4,1,2,2,3,2,3,4,4,4,1,3,3,2,3,3,2,2,3,4,1,4
Q3.2_Page Submit,NARS,response_time,Timing - Page Submit,"{""ImportId"":""QID89_PAGE_SUBMIT""}",36.774,34.168,63.958,57.487,38.52,71.112,7.563,48.187,156.659,53.062,71.956,76.077,72.752,63.195,37.88,193.42,39.598,52.821,99.427,866.589,81.468,51.771,55.683,49.158,47.024,68.096,108.374,51.194,66.488,69.56
Q5.1,QID96,,Which robot do you agree with?,"{""ImportId"":""QID96""}",2,1,1,2,1,2,2,2,2,2,2,1,1,2,2,2,1,2,2,2,1,1,1,1,2,2,2,2,2,1
Q5.2_Page Submit,QID96,response_time,Timing - Page Submit,"{""ImportId"":""QID97_PAGE_SUBMIT""}",5.277,5.381,4.831,4.923,5.205,9.175,2.394,3.015,4.313,4.457,5.07,2.907,6.446,2.731,3.78,4.703,43.767,2.297,8.507,2.664,7.797,10.078,4.359,6.907,5.979,3.821,34.042,2.363,2.568,50.349
Q7.1,QID98,,Which robot do you agree with?,"{""ImportId"":""QID98""}",1,1,2,2,2,2,2,2,1,2,2,1,1,1,2,2,2,1,2,2,1,1,1,2,2,1,2,2,2,2
Q7.2_Page Submit,QID98,response_time,Timing - Page Submit,"{""ImportId"":""QID99_PAGE_SUBMIT""}",2.888,1.766,1.442,1.848,3.969,1.956,1.439,1.457,2.33,2.292,1.658,2.733,3.358,1.721,2.382,2.463,7.999,2.083,3.937,1.008,2.649,2.292,2.712,1.55,1.499,2.125,15.841,3.658,1.613,2.74
Q8.1,trap_question,,What does Liz enjoy doing?,"{""ImportId"":""QID94""}",5,4,4,4,1,5,4,4,4,3,4,4,4,4,2,4,4,4,4,4,4,4,4,4,4,4,4,2,4,4
Q8.2_Page Submit,QID94,response_time,Timing - Page Submit,"{""ImportId"":""QID95_PAGE_SUBMIT""}",9.56,4.952,9.383,6.173,5.735,30.576,2.835,15.263,14.189,14.156,19.741,7.01,26.44,6.632,10.566,10.528,16.58,29.64,41.876,3.672,5.372,7.024,1891.956,27.613,6.771,6.321,22.34,12.952,9.25,24.728
Q10.1,QID102,,Which robot do you agree with?,"{""ImportId"":""QID102""}",1,2,2,2,2,1,1,1,1,2,1,1,2,2,2,2,2,2,2,2,2,1,1,2,1,2,2,1,2,2
Q10.2_Page Submit,QID102,response_time,Timing - Page Submit,"{""ImportId"":""QID103_PAGE_SUBMIT""}",1.668,1.664,1.166,1.816,3.135,4.312,1.546,1.468,1.973,2.683,1.369,2.57,3.868,2.812,2.406,2.372,5.47,2.747,2.653,0.855,2.012,3.534,2.927,2.097,1.881,2.755,1.868,1.207,1.452,3.741
Q12.1,QID104,,Which robot do you agree with?,"{""ImportId"":""QID104""}",2,1,1,2,1,2,2,1,1,2,2,2,1,1,1,2,1,2,2,2,2,1,1,2,2,1,2,2,2,2
Q12.2_Page Submit,QID104,response_time,Timing - Page Submit,"{""ImportId"":""QID105_PAGE_SUBMIT""}",1.381,1.407,1.194,2.027,2.586,2.555,1.283,1.659,19.735,1.686,1.889,2.593,3.264,2.035,2.304,2.367,3.642,2.061,2.362,1.924,2.062,1.501,2.291,1.57,1.156,1.968,1.533,1.902,1.693,8.28
Q14.1,QID106,,Which robot do you agree with?,"{""ImportId"":""QID106""}",2,1,1,2,2,2,1,2,1,2,2,2,1,2,1,2,1,2,2,2,1,1,2,1,2,2,2,2,2,2
Q14.2_Page Submit,QID106,response_time,Timing - Page Submit,"{""ImportId"":""QID107_PAGE_SUBMIT""}",1.311,1.261,1.124,1.471,2.306,2.821,1.688,2.404,1.658,1.936,70.736,2.613,2.188,2.413,1.77,3.231,5.143,2.267,3.512,1.101,2.555,2.651,2.207,1.722,3.598,2.231,23.755,1.391,1.677,9.474
Q16.1,QID108,,Which robot DON'T you agree with?,"{""ImportId"":""QID108""}",1,1,2,1,1,1,1,2,2,1,1,1,2,1,1,1,2,1,1,2,1,2,1,2,1,2,1,1,2,2
Q16.2_Page Submit,QID108,response_time,Timing - Page Submit,"{""ImportId"":""QID109_PAGE_SUBMIT""}",3.297,2.173,3.817,3.824,4.187,4.852,2.257,5.027,2.914,2.801,3.751,7.829,5.102,4.806,2.604,3.391,7.764,5.5,5.187,1.826,3.528,3.617,3.55,3.88,4.977,3.799,140.068,2.73,1.333,1.911
Q18.1,QID110,,Which robot do you agree with?,"{""ImportId"":""QID110""}",2,2,1,2,2,2,2,2,2,1,2,2,1,2,2,2,1,1,2,2,2,1,1,2,2,1,2,1,2,1
Q18.2_Page Submit,QID110,response_time,Timing - Page Submit,"{""ImportId"":""QID111_PAGE_SUBMIT""}",2.718,1.379,1.052,2.624,2.671,3.424,1.456,2.395,2.312,1.903,1.841,2.543,3.298,2.585,1.372,2.494,9.868,2.176,3.143,1.594,2.66,2.932,2.783,3.093,1.876,18.511,31.422,2.009,1.263,22.01
Q19.1_6,QID90,6,For each statement choose a robot. - Which robot would you trust to manage your investments portfolio?,"{""ImportId"":""QID90_6""}",1,4,1,1,1,1,1,1,4,1,1,4,1,1,1,1,4,4,1,1,1,4,4,1,1,1,1,1,1,1
Q19.1_2,QID90,2,For each statement choose a robot. - Which robot do you think will serve as a good jury member?,"{""ImportId"":""QID90_2""}",1,4,1,1,1,1,1,1,4,1,1,1,1,1,4,1,4,4,1,1,4,4,4,1,1,1,1,1,1,1
Q19.1_7,QID90,7,For each statement choose a robot. - Which robot do you think will be a better analyst?,"{""ImportId"":""QID90_7""}",1,4,1,1,4,1,4,1,4,4,1,4,1,1,4,1,4,4,1,1,1,4,4,1,1,1,1,1,1,1
Q19.1_3,QID90,3,For each statement choose a robot. - Which robot would you like as a bartender?,"{""ImportId"":""QID90_3""}",4,1,4,1,4,1,1,1,4,4,4,1,1,4,1,1,1,1,1,1,1,4,1,4,1,4,1,4,1,4
Q19.2_Page Submit,QID90,response_time,Timing - Page Submit,"{""ImportId"":""QID91_PAGE_SUBMIT""}",8.276,9.109,26.802,11.983,11.578,11.513,1.886,7.034,14.713,16.581,9.558,20.834,13.93,22.231,4.832,10.073,16.781,13.733,18.823,3.779,21.17,23.47,8.085,10.335,6.206,27.141,11.172,8.376,8.831,51.316
Q79#1_1,QID79#1,1,In the question below you will be asked about the two robots. In each question the left column re... - Click to write Column 1 - Fake - Natrual,"{""ImportId"":""QID79#1_1""}",3,,,,2,,3,1,1,1,1,1,,,3,,,2,,1,1,,4,5,4,,5,2,,
Q79#2_1,QID79#2,1,In the question below you will be asked about the two robots. In each question the left column re... - Click to write Column 2 - Fake - Natrual,"{""ImportId"":""QID79#2_1""}",3,,,,2,,4,1,2,5,5,5,,,3,,,4,2,1,5,,5,4,3,,4,4,,
Q20.2#1_1,GODSPEED1,1,Please rate your impression of the robot on these scales: - blue robot - Fake - Natrual,"{""ImportId"":""QID80#1_1""}",3,1,4,3,1,1,3,1,1,1,1,4,2,3,1,2,2,2,2,1,4,3,4,3,4,4,5,2,4,2
Q20.2#1_2,GODSPEED1,2,Please rate your impression of the robot on these scales: - blue robot - Machinlike - Humnalike,"{""ImportId"":""QID80#1_2""}",1,1,5,2,1,1,3,1,1,1,1,4,2,2,2,3,3,2,1,1,4,2,4,4,4,3,3,2,1,2
Q20.2#1_3,GODSPEED1,3,Please rate your impression of the robot on these scales: - blue robot - Unconscious - Conscious,"{""ImportId"":""QID80#1_3""}",1,2,4,3,1,1,3,1,1,3,3,3,4,2,3,4,3,3,3,1,1,1,4,4,4,3,4,3,1,2
Q20.2#1_4,GODSPEED1,4,Please rate your impression of the robot on these scales: - blue robot - Artificial - Lifelike,"{""ImportId"":""QID80#1_4""}",1,1,3,2,1,1,3,1,1,1,1,2,2,1,2,2,2,2,1,1,4,2,4,4,4,3,2,3,2,1
Q20.2#1_5,GODSPEED1,5,Please rate your impression of the robot on these scales: - blue robot - Moving rigidly - Moving elegantly,"{""ImportId"":""QID80#1_5""}",1,1,4,2,1,2,3,1,2,1,1,1,2,1,2,3,2,3,2,1,2,2,4,3,4,3,2,2,2,1
Q20.2#1_6,GODSPEED1,6,Please rate your impression of the robot on these scales: - blue robot - Dead - Alive,"{""ImportId"":""QID80#1_6""}",2,1,3,2,2,1,3,1,3,3,3,2,3,2,3,3,2,2,4,1,1,3,4,3,4,3,4,3,2,2
Q20.2#1_7,GODSPEED1,7,Please rate your impression of the robot on these scales: - blue robot - Stagnant - Lively,"{""ImportId"":""QID80#1_7""}",1,1,4,2,1,3,2,1,2,2,4,1,3,4,4,4,2,3,3,1,3,2,3,5,4,3,3,3,3,2
Q20.2#1_8,GODSPEED1,8,Please rate your impression of the robot on these scales: - blue robot - Mechanical - Organic,"{""ImportId"":""QID80#1_8""}",1,1,3,1,1,1,3,1,2,1,1,1,2,2,2,1,2,3,1,1,4,1,3,2,4,4,2,2,3,2
Q20.2#1_9,GODSPEED1,9,Please rate your impression of the robot on these scales: - blue robot - Artificial - Lifelike,"{""ImportId"":""QID80#1_9""}",1,1,3,2,1,1,2,1,2,1,1,1,2,1,1,1,4,2,1,1,3,2,3,4,4,3,3,2,1,2
Q20.2#1_10,GODSPEED1,10,Please rate your impression of the robot on these scales: - blue robot - Inert - Interactive,"{""ImportId"":""QID80#1_10""}",1,1,4,3,3,3,2,1,4,4,5,1,3,5,3,5,4,3,4,1,4,3,3,5,4,4,5,3,4,3
Q20.2#1_11,GODSPEED1,11,Please rate your impression of the robot on these scales: - blue robot - Apathetic - Responsive,"{""ImportId"":""QID80#1_11""}",1,1,3,3,2,4,3,1,4,3,5,1,4,5,3,5,4,3,4,1,5,4,4,5,4,3,5,3,4,3
Q20.2#1_12,GODSPEED1,12,Please rate your impression of the robot on these scales: - blue robot - Dislike - Like,"{""ImportId"":""QID80#1_12""}",2,1,4,3,3,2,3,1,4,3,5,3,2,3,2,4,4,2,4,1,3,4,4,5,3,4,3,2,3,3
Q20.2#1_13,GODSPEED1,13,Please rate your impression of the robot on these scales: - blue robot - Unfriendly - Friendly,"{""ImportId"":""QID80#1_13""}",3,1,3,3,4,3,3,1,4,3,5,3,3,3,3,3,4,2,3,1,4,4,4,5,4,4,4,3,4,4
Q20.2#1_14,GODSPEED1,14,Please rate your impression of the robot on these scales: - blue robot - Unkind - Kind,"{""ImportId"":""QID80#1_14""}",2,1,4,3,2,3,4,1,3,3,3,3,3,3,1,3,4,2,4,1,3,3,4,5,3,4,5,3,3,4
Q20.2#1_15,GODSPEED1,15,Please rate your impression of the robot on these scales: - blue robot - Unpleasant - Pleasant,"{""ImportId"":""QID80#1_15""}",2,1,3,3,4,4,4,1,4,4,5,4,3,3,3,3,4,3,4,1,4,4,4,5,3,4,4,2,3,3
Q20.2#1_16,GODSPEED1,16,Please rate your impression of the robot on these scales: - blue robot - Awful - Nice,"{""ImportId"":""QID80#1_16""}",3,1,3,4,3,3,2,1,4,4,3,3,4,3,1,3,4,3,4,1,4,5,4,5,3,4,4,3,3,4
Q20.2#1_17,GODSPEED1,17,Please rate your impression of the robot on these scales: - blue robot - Incompetent - Competent,"{""ImportId"":""QID80#1_17""}",2,1,5,4,4,2,3,1,4,4,4,5,4,4,4,5,4,2,4,1,4,2,4,5,3,4,5,2,3,4
Q20.2#1_18,GODSPEED1,18,Please rate your impression of the robot on these scales: - blue robot - Ignorant - Knowledgeable,"{""ImportId"":""QID80#1_18""}",2,1,4,4,1,2,2,1,4,4,5,5,4,3,4,4,4,3,4,1,5,3,4,5,2,4,5,3,3,4
Q20.2#1_19,GODSPEED1,19,Please rate your impression of the robot on these scales: - blue robot - Irresponsible - Responsible,"{""ImportId"":""QID80#1_19""}",2,1,4,3,2,2,3,1,3,3,3,5,3,1,1,3,4,3,3,1,3,3,4,3,3,4,5,3,3,4
Q20.2#1_20,GODSPEED1,20,Please rate your impression of the robot on these scales: - blue robot - Unintelligent - Intelligent,"{""ImportId"":""QID80#1_20""}",2,1,4,4,1,2,3,1,4,4,4,5,4,3,3,5,4,2,4,1,5,2,4,5,2,4,5,2,3,4
Q20.2#1_21,GODSPEED1,21,Please rate your impression of the robot on these scales: - blue robot - Foolish - Sensible,"{""ImportId"":""QID80#1_21""}",2,1,5,4,3,3,4,1,5,4,4,4,4,3,2,4,4,3,3,1,3,4,4,5,3,4,5,3,3,5
Q20.2#1_22,GODSPEED1,22,Please rate your impression of the robot on these scales: - blue robot - Anxious - Relaxed,"{""ImportId"":""QID80#1_22""}",2,1,5,3,5,4,4,1,4,5,3,3,4,4,5,5,4,3,3,1,3,2,4,5,3,3,4,4,3,4
Q20.2#1_23,GODSPEED1,23,Please rate your impression of the robot on these scales: - blue robot - Agitated - Calm,"{""ImportId"":""QID80#1_23""}",2,1,4,4,3,4,4,1,4,5,5,5,4,4,4,5,4,3,4,1,5,5,4,5,3,4,4,3,4,4
Q20.2#1_24,GODSPEED1,24,Please rate your impression of the robot on these scales: - blue robot - Quiescent - Surprised,"{""ImportId"":""QID80#1_24""}",2,1,3,2,5,2,3,1,2,2,3,3,1,1,3,3,3,3,3,1,3,1,4,3,3,2,2,3,3,2
Q20.2#2_1,GODSPEED2,1,Please rate your impression of the robot on these scales: - red robot - Fake - Natrual,"{""ImportId"":""QID80#2_1""}",1,1,3,3,1,1,4,1,1,1,1,2,2,3,4,2,2,4,1,1,3,2,3,2,3,3,4,4,2,4
Q20.2#2_2,GODSPEED2,2,Please rate your impression of the robot on these scales: - red robot - Machinlike - Humnalike,"{""ImportId"":""QID80#2_2""}",1,1,3,2,1,1,3,1,1,1,1,2,2,1,2,2,2,4,1,1,3,2,2,3,3,4,3,4,1,4
Q20.2#2_3,GODSPEED2,3,Please rate your impression of the robot on these scales: - red robot - Unconscious - Conscious,"{""ImportId"":""QID80#2_3""}",1,1,2,3,1,1,4,1,1,3,3,3,3,2,4,4,2,3,3,1,1,1,4,4,3,3,4,3,1,3
Q20.2#2_4,GODSPEED2,4,Please rate your impression of the robot on these scales: - red robot - Artificial - Lifelike,"{""ImportId"":""QID80#2_4""}",1,1,3,2,1,1,4,1,1,1,1,2,2,1,1,2,2,3,1,1,3,2,2,3,3,4,2,4,1,3
Q20.2#2_5,GODSPEED2,5,Please rate your impression of the robot on these scales: - red robot - Moving rigidly - Moving elegantly,"{""ImportId"":""QID80#2_5""}",1,1,2,2,1,2,4,1,2,1,1,1,2,1,2,3,2,3,2,1,4,1,2,3,3,2,2,4,1,3
Q20.2#2_6,GODSPEED2,6,Please rate your impression of the robot on these scales: - red robot - Dead - Alive,"{""ImportId"":""QID80#2_6""}",1,1,3,2,2,1,4,1,3,3,3,2,2,2,5,3,2,3,4,1,1,3,4,3,3,3,4,3,2,3
Q20.2#2_7,GODSPEED2,7,Please rate your impression of the robot on these scales: - red robot - Stagnant - Lively,"{""ImportId"":""QID80#2_7""}",1,1,3,2,1,3,4,1,3,2,4,1,2,4,4,4,2,4,3,1,3,2,3,5,3,3,3,4,2,3
Q20.2#2_8,GODSPEED2,8,Please rate your impression of the robot on these scales: - red robot - Mechanical - Organic,"{""ImportId"":""QID80#2_8""}",2,1,3,1,1,1,4,1,2,1,1,1,2,1,3,1,2,3,1,1,2,1,3,2,3,3,2,2,1,3
Q20.2#2_9,GODSPEED2,9,Please rate your impression of the robot on these scales: - red robot - Artificial - Lifelike,"{""ImportId"":""QID80#2_9""}",1,1,3,2,1,1,4,1,2,1,1,1,2,1,1,1,4,4,1,1,2,2,3,3,3,4,2,2,1,3
Q20.2#2_10,GODSPEED2,10,Please rate your impression of the robot on these scales: - red robot - Inert - Interactive,"{""ImportId"":""QID80#2_10""}",1,1,3,3,3,3,4,1,5,4,5,1,3,5,2,5,4,3,4,1,4,3,3,5,3,4,5,3,3,4
Q20.2#2_11,GODSPEED2,11,Please rate your impression of the robot on these scales: - red robot - Apathetic - Responsive,"{""ImportId"":""QID80#2_11""}",1,1,3,3,2,4,3,1,5,3,5,1,4,5,1,5,4,3,4,1,5,3,4,5,3,4,5,3,3,3
Q20.2#2_12,GODSPEED2,12,Please rate your impression of the robot on these scales: - red robot - Dislike - Like,"{""ImportId"":""QID80#2_12""}",1,1,2,3,3,2,4,1,4,3,5,3,2,3,4,4,4,4,3,1,3,4,4,5,3,4,3,2,2,3
Q20.2#2_13,GODSPEED2,13,Please rate your impression of the robot on these scales: - red robot - Unfriendly - Friendly,"{""ImportId"":""QID80#2_13""}",1,1,3,3,4,3,3,1,5,3,5,3,2,3,4,3,4,4,3,1,3,3,4,5,3,4,4,3,2,4
Q20.2#2_14,GODSPEED2,14,Please rate your impression of the robot on these scales: - red robot - Unkind - Kind,"{""ImportId"":""QID80#2_14""}",1,1,3,3,2,3,2,1,3,3,3,3,2,3,2,3,4,4,4,1,3,3,4,5,3,4,5,3,3,4
Q20.2#2_15,GODSPEED2,15,Please rate your impression of the robot on these scales: - red robot - Unpleasant - Pleasant,"{""ImportId"":""QID80#2_15""}",1,1,3,4,4,3,3,1,4,4,5,4,2,3,1,3,4,3,4,1,3,3,4,5,3,4,4,3,3,3
Q20.2#2_16,GODSPEED2,16,Please rate your impression of the robot on these scales: - red robot - Awful - Nice,"{""ImportId"":""QID80#2_16""}",1,1,3,4,3,3,3,1,4,4,3,3,4,3,5,3,4,3,4,1,4,4,4,5,3,4,4,3,3,4
Q20.2#2_17,GODSPEED2,17,Please rate your impression of the robot on these scales: - red robot - Incompetent - Competent,"{""ImportId"":""QID80#2_17""}",1,1,2,2,4,1,4,1,4,4,4,5,3,4,2,5,4,4,3,1,4,2,4,4,3,3,5,2,3,4
Q20.2#2_18,GODSPEED2,18,Please rate your impression of the robot on these scales: - red robot - Ignorant - Knowledgeable,"{""ImportId"":""QID80#2_18""}",1,1,3,2,1,2,4,1,4,4,5,5,3,3,4,4,4,3,3,1,5,3,4,4,2,3,4,3,3,4
Q20.2#2_19,GODSPEED2,19,Please rate your impression of the robot on these scales: - red robot - Irresponsible - Responsible,"{""ImportId"":""QID80#2_19""}",1,1,3,3,1,2,4,1,4,3,3,5,2,1,4,3,4,3,3,1,3,3,4,3,3,4,4,3,3,3
Q20.2#2_20,GODSPEED2,20,Please rate your impression of the robot on these scales: - red robot - Unintelligent - Intelligent,"{""ImportId"":""QID80#2_20""}",1,1,3,2,1,1,3,1,4,4,4,5,3,3,2,5,4,4,4,1,5,3,4,5,2,3,5,2,2,4
Q20.2#2_21,GODSPEED2,21,Please rate your impression of the robot on these scales: - red robot - Foolish - Sensible,"{""ImportId"":""QID80#2_21""}",1,1,3,2,3,3,3,1,5,4,4,4,3,3,1,2,4,3,3,1,3,4,4,4,3,3,5,3,3,5
Q20.2#2_22,GODSPEED2,22,Please rate your impression of the robot on these scales: - red robot - Anxious - Relaxed,"{""ImportId"":""QID80#2_22""}",1,1,2,3,5,4,3,1,4,5,3,3,3,4,3,5,4,3,3,1,3,2,4,5,3,3,4,2,3,5
Q20.2#2_23,GODSPEED2,23,Please rate your impression of the robot on these scales: - red robot - Agitated - Calm,"{""ImportId"":""QID80#2_23""}",1,1,3,4,3,4,2,1,4,5,5,5,3,2,4,5,4,3,4,1,5,5,4,5,3,4,4,1,4,5
Q20.2#2_24,GODSPEED2,24,Please rate your impression of the robot on these scales: - red robot - Quiescent - Surprised,"{""ImportId"":""QID80#2_24""}",1,1,3,2,5,2,3,1,2,2,3,3,1,1,5,3,3,3,3,1,3,1,4,2,3,2,2,3,3,3
Q20.3_Page Submit,GODSPEED2,response_time,Timing - Page Submit,"{""ImportId"":""QID81_PAGE_SUBMIT""}",60.458,58.703,175.421,180.511,106.97,159.582,23.557,106.341,112.937,156.727,116.677,195.272,214.606,157.116,53.106,117.664,121.536,234.43,236.483,48.726,303.171,184.889,105.903,123.378,103.045,226.085,172.171,161.716,101.042,161.671
Q112,QID112,,Which robot would you prefer?,"{""ImportId"":""QID112""}",5,4,5,5,5,5,5,5,4,5,5,5,5,5,5,5,5,4,5,5,5,4,4,5,5,5,5,5,5,5
Q113,QID113,"TEXT""}",Why do you prefer this robot?,"{""ImportId"":""QID113_TEXT""}",It seemed a little bit more natural in its speech than the red one.,the logic is better,it seems more logical ,I feel that the robot gave the most logical order of statements and would give more reliable results than the red robot.,I guess I felt like it's responses matched mine more frequently.,"The logic seemed to make a little more sense, but still not much.  I didn't find that their actions or mannerisms had much effect on my feelings toward either robot.",color,It's voice was less annoying,I thought it was more accurate.  it seemed a little more pleasant than the blue.,I just preferred the way it put things in order. it made more sense to me. as far as anything else they were pretty much the same. I did notice that blue might have been a tad more robotic with things it said however i still thought the way it stated things were more appropriate,"Although it wasn't perfect, the Blue robot's preferences were more closely matched to mine than the red.",They seemed to take the facts and combine them versus going through all the steps before combining facts. I think the blue robot would be easier to communicate with. ,Just liked him better-better responses,I thought the blue robot's responses aligned more with my thinking.,I like the blue and because It is good,"Because I was primarily in agreement with the way they structured the options they were given, since it made much more sense to me to have the options ordered the way the blue robot put them, as opposed to the way the red robot did. ",Seemed nicer ,"Red made sensible choices. IN addition, Red seemed more human like both in speech and mechanics. At the end, I sensed Blue was a male robot and Red was a female.",The judgements and reasoning made more sense to me. ,smarter,"The blue robot seems to have inflections and behaviors that are closer to that of a human being, and also has reactions that seem more positive in their nature and less 'clunky'.","I ranked the choices in my head the red came closer. Red didn't seem to waste time before giving its ranking. If the interaction were more human-like, I would appreciate an approach like blue used. For these mechanical helpers, I would just prefer answers instead of fake small-talk.",She seemed to get the orders right more often. The blue did seem more human like but red got the most orders right.,I prefer this robot because it seems to think the most similarly to me. ,Because I felt like it's rankings made more sense,"Though the red robot seemed slightly smoother and friendlier, I prefer the blue one because of its analytical skills.  To me, that is the entire reason for having a robot.",Because I like the way it gives out the separate statements first. ,The robot is more methodical and exact.,I guess just because I agreed with him on everything? He thinks more like I think. ,"I don't think I like robots that try to act Human, it makes me feel unsettled that's for sure. There wasn't much difference, but my instincts usually went towards the blue robot."
survey_code,survey,"code""}",survey_code,"{""ImportId"":""survey_code""}",33867114,11173366,16253210,45758098,70094774,71671248,94778971,57583055,52097825,27151994,57043131,20563241,24531968,24522267,46053600,23373303,84688141,61902567,48975459,94816627,14072893,36607086,85551925,22639637,63534392,71454203,14933471,98211523,22003811,67332799
0,red_robot,deployment,side,,right,right,right,right,right,right,right,right,right,right,right,right,right,right,right,right,right,right,right,right,right,right,right,right,right,right,right,right,right,right
0,red_robot,deployment,rationality,,half,half,half,half,half,half,half,half,half,half,half,half,half,half,half,half,half,half,half,half,half,half,half,half,half,half,half,half,half,half
0,blue_robot,deployment,side,,left,left,left,left,left,left,left,left,left,left,left,left,left,left,left,left,left,left,left,left,left,left,left,left,left,left,left,left,left,left
0,blue_robot,deployment,rationality,,irrational,irrational,irrational,irrational,irrational,irrational,irrational,irrational,irrational,irrational,irrational,irrational,irrational,irrational,irrational,irrational,irrational,irrational,irrational,irrational,irrational,irrational,irrational,irrational,irrational,irrational,irrational,irrational,irrational,irrational
