,question,option,full_text,dict_text,2,3,4,5,6,7,8,9,10,11,12,13,14,15,16,17,18,19,20,21,22,23,24,25,26,27,28,29,30,31
StartDate,"startDate,timeZone",,Start Date,"{""ImportId"":""startDate"",""timeZone"":""America/Denver""}",2018-07-04 11:22:12,2018-07-04 11:23:05,2018-07-04 11:21:55,2018-07-04 11:21:08,2018-07-04 11:23:26,2018-07-04 11:22:30,2018-07-04 11:25:21,2018-07-04 11:25:12,2018-07-04 11:27:37,2018-07-04 11:22:37,2018-07-04 11:27:15,2018-07-04 11:21:54,2018-07-04 11:24:37,2018-07-04 11:23:13,2018-07-04 11:21:11,2018-07-04 11:24:48,2018-07-04 11:23:33,2018-07-04 11:24:34,2018-07-04 11:30:42,2018-07-04 11:32:57,2018-07-04 11:36:58,2018-07-04 11:39:21,2018-07-04 11:37:32,2018-07-04 11:45:01,2018-07-04 11:28:18,2018-07-04 12:03:41,2018-07-04 12:27:13,2018-07-04 12:23:24,2018-07-04 12:31:25,2018-07-04 12:51:11
EndDate,"endDate,timeZone",,End Date,"{""ImportId"":""endDate"",""timeZone"":""America/Denver""}",2018-07-04 11:34:21,2018-07-04 11:35:11,2018-07-04 11:35:16,2018-07-04 11:36:11,2018-07-04 11:38:27,2018-07-04 11:38:29,2018-07-04 11:38:32,2018-07-04 11:40:29,2018-07-04 11:40:54,2018-07-04 11:41:26,2018-07-04 11:41:49,2018-07-04 11:42:56,2018-07-04 11:43:10,2018-07-04 11:44:04,2018-07-04 11:46:42,2018-07-04 11:47:03,2018-07-04 11:47:36,2018-07-04 11:47:52,2018-07-04 11:48:24,2018-07-04 11:49:07,2018-07-04 11:51:52,2018-07-04 11:53:24,2018-07-04 11:55:48,2018-07-04 11:56:01,2018-07-04 12:00:11,2018-07-04 12:15:10,2018-07-04 12:36:42,2018-07-04 12:41:11,2018-07-04 12:44:58,2018-07-04 13:12:10
Status,status,,Response Type,"{""ImportId"":""status""}",0,0,0,0,0,0,0,0,0,0,0,0,0,0,0,0,0,0,0,0,0,0,0,0,0,0,0,0,0,0
IPAddress,ipAddress,,IP Address,"{""ImportId"":""ipAddress""}",68.44.129.34,104.0.74.90,75.187.69.219,98.143.0.112,70.163.6.37,98.177.165.235,108.64.75.194,69.76.44.10,76.98.73.254,64.203.220.154,174.47.173.254,23.113.68.110,63.227.47.202,107.77.199.71,73.230.121.97,157.32.97.236,73.43.88.83,72.80.116.19,73.135.121.41,71.63.144.86,73.233.150.132,69.142.163.135,99.117.138.226,96.249.250.200,98.19.23.102,70.125.32.46,65.31.180.86,68.199.25.103,69.243.81.82,98.27.172.168
Progress,progress,,Progress,"{""ImportId"":""progress""}",100,100,100,100,100,100,100,100,100,100,100,100,100,100,100,100,100,100,100,100,100,100,100,100,100,100,100,100,100,100
Duration (in seconds),duration,,Duration (in seconds),"{""ImportId"":""duration""}",728,726,801,902,900,958,790,917,796,1129,874,1261,1112,1251,1531,1334,1442,1398,1062,970,894,843,1095,659,1913,688,568,1067,813,1258
Finished,finished,,Finished,"{""ImportId"":""finished""}",1,1,1,1,1,1,1,1,1,1,1,1,1,1,1,1,1,1,1,1,1,1,1,1,1,1,1,1,1,1
RecordedDate,"recordedDate,timeZone",,Recorded Date,"{""ImportId"":""recordedDate"",""timeZone"":""America/Denver""}",2018-07-04 11:34:22,2018-07-04 11:35:12,2018-07-04 11:35:17,2018-07-04 11:36:12,2018-07-04 11:38:28,2018-07-04 11:38:29,2018-07-04 11:38:32,2018-07-04 11:40:31,2018-07-04 11:40:55,2018-07-04 11:41:27,2018-07-04 11:41:50,2018-07-04 11:42:56,2018-07-04 11:43:10,2018-07-04 11:44:05,2018-07-04 11:46:43,2018-07-04 11:47:04,2018-07-04 11:47:37,2018-07-04 11:47:53,2018-07-04 11:48:24,2018-07-04 11:49:07,2018-07-04 11:51:53,2018-07-04 11:53:25,2018-07-04 11:55:49,2018-07-04 11:56:02,2018-07-04 12:00:12,2018-07-04 12:15:10,2018-07-04 12:36:43,2018-07-04 12:41:12,2018-07-04 12:44:59,2018-07-04 13:12:11
ResponseId,ID,"recordId""}",Response ID,"{""ImportId"":""_recordId""}",R_2PbRHTBUV15y7Z1,R_1fd4d4lOxOX3u7C,R_3NKXb0UamcoCm72,R_3Kw7bWzDQs6wBUq,R_czKefMsMLNWTkv7,R_0PnrauMTvq3YuaJ,R_2zMxolsSsInsbQR,R_3rOMknByCvQMgz8,R_Qglh8wHjvHmhIgp,R_UH1UoxCHytvy20p,R_6JAWk8ZFVoKa9AR,R_3MzCe5AkEs3KMfc,R_3ikDtLtAFe5x7wj,R_1HeCSJTjUuLQqKr,R_11bFr4TFkEncfHl,R_1JLUMx76moZL5BM,R_3nHGDtwRBniEjaC,R_6i2AF6foMtFEqlP,R_2q1zrKH6L3ruNlf,R_1o6JC73YypsQ67a,R_3eqKEjs7VzXVawY,R_RrTZMGSNBCHCiQ1,R_C3mLGEwSVxe77ah,R_56XbZB0WKrhrsU9,R_8v8b4QLpseJApvb,R_2ZP0Tzx5jN27Mqm,R_qzkYnOxE8U156dX,R_3EzogPlirxRkXbb,R_2tF4OJF4gK3JZVu,R_3MgKH3lPINAvjYX
RecipientLastName,recipientLastName,,Recipient Last Name,"{""ImportId"":""recipientLastName""}",,,,,,,,,,,,,,,,,,,,,,,,,,,,,,
RecipientFirstName,recipientFirstName,,Recipient First Name,"{""ImportId"":""recipientFirstName""}",,,,,,,,,,,,,,,,,,,,,,,,,,,,,,
RecipientEmail,recipientEmail,,Recipient Email,"{""ImportId"":""recipientEmail""}",,,,,,,,,,,,,,,,,,,,,,,,,,,,,,
ExternalReference,externalDataReference,,External Data Reference,"{""ImportId"":""externalDataReference""}",,,,,,,,,,,,,,,,,,,,,,,,,,,,,,
LocationLatitude,locationLatitude,,Location Latitude,"{""ImportId"":""locationLatitude""}",40.153793334961,32.626800537109,39.479202270508,35.371505737305,38.793395996094,33.24870300293,38.112899780273,37.766204833984,40.049102783203,32.328903198242,30.137496948242,33.520904541016,39.843597412109,33.16259765625,40.784896850586,23.033294677734,33.724197387695,40.597503662109,39.366806030273,45.016098022461,40.102996826172,40.866897583008,42.010604858398,37.062698364258,36.000793457031,27.947494506836,42.886306762695,40.668701171875,38.833694458008,41.134292602539
LocationLongitude,locationLongitude,,Location Longitude,"{""ImportId"":""locationLongitude""}",-85.621299743652,-96.778396606445,-84.712997436523,-85.390502929688,-77.271598815918,-111.63430023193,-122.13310241699,-87.259101867676,-75.228103637695,-80.699401855469,-93.452903747559,-84.323799133301,-105.37650299072,-96.9375,-77.84700012207,72.61669921875,-84.468299865723,-73.997901916504,-76.587997436523,-122.91369628906,-74.941497802734,-74.821998596191,-87.668601989746,-76.405197143555,-106.13159942627,-81.920402526855,-87.888298034668,-74.114303588867,-77.120399475098,-81.855903625488
DistributionChannel,distributionChannel,,Distribution Channel,"{""ImportId"":""distributionChannel""}",anonymous,anonymous,anonymous,anonymous,anonymous,anonymous,anonymous,anonymous,anonymous,anonymous,anonymous,anonymous,anonymous,anonymous,anonymous,anonymous,anonymous,anonymous,anonymous,anonymous,anonymous,anonymous,anonymous,anonymous,anonymous,anonymous,anonymous,anonymous,anonymous,anonymous
UserLanguage,userLanguage,,User Language,"{""ImportId"":""userLanguage""}",EN,EN,EN,EN,EN,EN,EN,EN,EN,EN,EN,EN,EN,EN,EN,EN,EN,EN,EN,EN,EN,EN,EN,EN,EN,EN,EN,EN,EN,EN
Q1.2,QID83,,"I am age 18 or older, I have read and understood the information above, I want to participate in this research and continue with the survey:","{""ImportId"":""QID83""}",1,1,1,1,1,1,1,1,1,1,1,1,1,1,1,1,1,1,1,1,1,1,1,1,1,1,1,1,1,1
Q1.3,gender,,To which gender identity do you most identify?,"{""ImportId"":""QID84""}",1,2,1,2,2,1,1,1,1,1,2,1,2,1,2,1,2,2,1,1,2,1,2,1,1,1,2,2,2,2
Q1.4,age,"TEXT""}",What is your age?,"{""ImportId"":""QID85_TEXT""}",40,28,30,25,47,28,34,36,27,36,27,42,55,42,59,29,28,32,27,29,37,55,32,25,35,29,22,23,29,47
Q1.5,education,,"What is the highest degree or level of school you have completed? (If 
youâ€™re currently enrolled in school, please indicate the highest degree 
you have received.)","{""ImportId"":""QID86""}",5,2,5,2,8,6,5,3,5,4,5,3,3,5,2,5,5,5,3,3,3,4,3,4,6,5,2,5,2,4
Q2.1_1,BFI,1,I see myself as someone who is: - Is talkative,"{""ImportId"":""QID77_1""}",1,2,4,4,1,2,1,1,5,4,3,4,2,5,4,5,1,1,3,5,1,5,1,4,1,5,4,4,2,4
Q2.1_2,BFI,2,I see myself as someone who is: - Tends to find fault with others,"{""ImportId"":""QID77_2""}",3,4,1,2,3,4,4,3,2,1,2,5,4,4,2,4,4,2,4,1,4,2,2,4,1,2,2,5,1,1
Q2.1_3,BFI,3,I see myself as someone who is: - Does a thorough job,"{""ImportId"":""QID77_3""}",3,5,4,3,4,5,5,4,5,3,4,5,5,5,5,4,4,4,4,5,5,4,5,2,5,5,4,4,5,5
Q2.1_4,BFI,4,"I see myself as someone who is: - Is depressed, blue","{""ImportId"":""QID77_4""}",1,2,2,5,4,1,4,1,1,1,3,1,2,1,1,3,1,4,2,1,4,1,4,2,5,1,5,4,1,1
Q2.1_5,BFI,5,"I see myself as someone who is: - Is original, comes up with new ideas","{""ImportId"":""QID77_5""}",1,5,4,4,4,4,4,4,5,3,3,3,4,4,4,3,4,2,4,4,5,4,4,4,5,3,4,5,5,5
Q2.1_6,BFI,6,I see myself as someone who is: - Is reserved,"{""ImportId"":""QID77_6""}",5,4,2,3,5,4,5,5,1,4,2,2,4,2,2,4,4,5,4,1,5,1,5,4,4,1,4,2,4,2
Q2.1_7,BFI,7,I see myself as someone who is: - Is helpful and unselfish with others,"{""ImportId"":""QID77_7""}",3,2,5,4,3,2,2,3,5,4,2,4,4,3,5,3,4,2,3,4,4,4,3,4,5,4,4,3,5,4
Q2.1_8,BFI,8,I see myself as someone who is: - Can be somewhat careless,"{""ImportId"":""QID77_8""}",1,2,1,3,4,4,2,4,1,1,4,2,2,2,4,5,3,2,2,1,2,4,2,3,1,1,5,4,1,1
Q2.1_9,BFI,9,"I see myself as someone who is: - Is relaxed, handles stress well","{""ImportId"":""QID77_9""}",3,4,2,1,3,4,1,4,5,4,3,4,4,4,5,4,5,2,2,5,3,4,5,3,1,5,4,4,5,5
Q2.1_10,BFI,10,I see myself as someone who is: - Is curious about many different things,"{""ImportId"":""QID77_10""}",3,3,5,5,5,4,4,4,5,4,3,4,4,4,4,3,4,3,5,4,4,5,5,4,5,3,4,5,5,5
Q2.1_11,BFI,11,I see myself as someone who is: - Is full of energy,"{""ImportId"":""QID77_11""}",1,4,4,3,3,4,2,2,5,3,1,5,3,4,5,4,3,1,3,3,3,4,1,5,1,4,4,4,3,4
Q2.1_12,BFI,12,I see myself as someone who is: - Starts quarrels with others,"{""ImportId"":""QID77_12""}",1,1,2,3,2,1,2,3,1,1,2,2,2,2,1,4,1,2,2,1,2,1,1,4,1,1,2,1,1,1
Q2.1_13,BFI,13,I see myself as someone who is: - Is a reliable worker,"{""ImportId"":""QID77_13""}",3,5,5,3,4,5,4,4,5,5,3,5,5,5,5,5,4,4,4,5,5,4,5,4,4,5,4,4,5,5
Q2.1_14,BFI,14,I see myself as someone who is: - Can be tense,"{""ImportId"":""QID77_14""}",2,4,2,4,4,4,5,3,1,1,4,3,2,3,4,3,2,4,3,1,4,1,2,3,4,4,5,4,1,4
Q2.1_15,BFI,15,"I see myself as someone who is: - Is ingenious, a deep thinker","{""ImportId"":""QID77_15""}",1,2,4,3,5,4,1,3,5,3,2,3,4,3,4,2,4,2,4,4,5,4,4,4,5,4,5,5,5,5
Q2.1_16,BFI,16,I see myself as someone who is: - Generates a lot of enthusiasm,"{""ImportId"":""QID77_16""}",1,4,4,2,3,4,2,2,5,4,2,5,2,4,3,4,3,1,3,4,3,4,1,3,3,4,4,2,3,4
Q2.1_17,BFI,17,I see myself as someone who is: - Has a forgiving nature,"{""ImportId"":""QID77_17""}",3,4,5,4,4,4,4,1,1,4,4,2,2,2,4,4,3,2,2,5,4,5,4,3,5,1,4,1,5,5
Q2.1_18,BFI,18,I see myself as someone who is: - Tends to be disorganized,"{""ImportId"":""QID77_18""}",1,3,2,3,4,4,2,4,1,1,4,2,1,1,1,5,3,2,2,2,2,3,4,4,1,1,4,5,1,1
Q2.1_19,BFI,19,I see myself as someone who is: - Worries a lot,"{""ImportId"":""QID77_19""}",5,2,4,5,4,2,5,1,1,1,4,1,4,1,2,4,2,4,4,3,3,2,2,4,5,4,5,5,1,1
Q2.1_20,BFI,20,I see myself as someone who is: - Has ana active imagination,"{""ImportId"":""QID77_20""}",1,2,5,5,4,5,4,4,5,3,2,3,4,4,5,3,3,2,4,4,4,4,4,3,5,1,5,5,5,5
Q2.1_21,BFI,21,I see myself as someone who is: - Tends to be quiet,"{""ImportId"":""QID77_21""}",5,5,2,3,4,4,5,5,1,3,3,2,4,1,1,3,4,5,3,1,5,2,5,2,4,1,4,1,4,2
Q2.1_22,BFI,22,I see myself as someone who is: - Is generally trusting,"{""ImportId"":""QID77_22""}",3,4,4,3,3,4,2,1,1,4,2,1,2,2,4,5,3,2,2,5,3,4,4,2,1,2,4,2,4,5
Q2.1_23,BFI,23,I see myself as someone who is: - Tends to be lazy,"{""ImportId"":""QID77_23""}",4,2,2,3,4,2,2,3,1,1,2,1,3,1,1,3,2,3,3,1,2,1,4,2,1,1,4,4,1,1
Q2.1_24,BFI,24,"I see myself as someone who is: - Is emotionally stable, not easily upset","{""ImportId"":""QID77_24""}",4,5,2,1,3,4,1,3,5,4,3,4,4,4,5,3,4,3,4,4,3,4,5,4,1,5,5,4,5,5
Q2.1_25,BFI,25,I see myself as someone who is: - Is inventive,"{""ImportId"":""QID77_25""}",1,4,4,4,4,3,4,4,5,3,3,3,4,4,4,5,4,2,4,3,5,3,4,3,5,4,4,5,5,5
Q2.1_26,BFI,26,I see myself as someone who is: - Has an assertive personality,"{""ImportId"":""QID77_26""}",3,4,4,2,2,1,2,4,4,1,4,4,2,4,4,4,3,1,4,4,4,4,1,3,4,4,4,4,2,2
Q2.1_27,BFI,27,I see myself as someone who is: - Can be cold and aloof,"{""ImportId"":""QID77_27""}",4,3,2,3,3,4,4,4,1,1,4,4,2,3,1,5,1,4,3,1,4,1,3,4,2,1,2,3,1,1
Q2.1_28,BFI,28,I see myself as someone who is: - Preseveres until the task is finished,"{""ImportId"":""QID77_28""}",3,4,5,3,3,5,4,4,5,4,3,4,5,5,5,3,4,4,3,5,5,5,4,4,5,5,4,4,5,5
Q2.1_29,BFI,29,I see myself as someone who is: - Can be moody,"{""ImportId"":""QID77_29""}",1,2,2,4,3,4,5,4,1,1,3,2,2,3,1,3,1,4,3,1,3,3,1,2,4,1,2,1,1,4
Q2.1_30,BFI,30,"I see myself as someone who is: - Values artistic, aesthetic experiences","{""ImportId"":""QID77_30""}",1,2,5,4,4,5,5,3,5,4,3,3,4,3,5,5,2,3,4,5,1,4,5,2,5,4,4,4,5,5
Q2.1_31,BFI,31,"I see myself as someone who is: - Is sometimes shy, inhibited","{""ImportId"":""QID77_31""}",5,4,2,4,5,5,5,3,1,4,3,2,4,1,1,4,4,5,3,1,5,1,5,3,4,1,4,4,4,4
Q2.1_32,BFI,32,I see myself as someone who is: - Is considerate and kind to almost everyone,"{""ImportId"":""QID77_32""}",3,4,5,4,4,4,4,3,5,5,3,2,2,3,5,4,5,2,3,4,4,4,4,4,5,5,4,3,5,5
Q2.1_33,BFI,33,I see myself as someone who is: - Does things efficiently,"{""ImportId"":""QID77_33""}",5,3,4,3,3,5,4,4,5,4,3,4,5,5,5,2,5,3,4,5,5,5,4,4,3,5,4,4,5,4
Q2.1_34,BFI,34,I see myself as someone who is: - Remains calm in tense situations,"{""ImportId"":""QID77_34""}",4,4,2,3,4,2,1,4,5,4,2,4,4,4,5,2,4,2,3,3,4,4,5,5,1,4,4,5,5,5
Q2.1_35,BFI,35,I see myself as someone who is: - Prefers work that is routine,"{""ImportId"":""QID77_35""}",5,2,4,4,2,5,5,4,3,4,5,3,4,3,4,3,3,4,4,5,4,4,4,4,4,5,4,1,1,2
Q2.1_36,BFI,36,"I see myself as someone who is: - Is outgoing, sociable","{""ImportId"":""QID77_36""}",1,4,4,3,2,2,1,2,5,5,3,4,2,4,5,3,2,1,3,5,1,5,1,4,3,5,2,4,2,5
Q2.1_37,BFI,37,I see myself as someone who is: - Is sometimes rude to others,"{""ImportId"":""QID77_37""}",3,3,1,3,3,1,4,3,1,1,4,4,3,4,1,4,2,4,2,2,4,2,2,3,1,1,4,4,1,2
Q2.1_38,BFI,38,I see myself as someone who is: - Makes plans and follows through with them,"{""ImportId"":""QID77_38""}",4,2,5,3,3,4,4,4,5,5,2,4,4,4,5,5,3,4,4,5,3,5,4,4,5,5,4,4,5,5
Q2.1_39,BFI,39,I see myself as someone who is: - Gets nervous easily,"{""ImportId"":""QID77_39""}",2,2,4,5,4,2,5,1,1,1,3,2,2,1,2,2,3,4,4,2,3,1,2,3,3,1,5,1,1,1
Q2.1_40,BFI,40,"I see myself as someone who is: - Likes to reflect, play with ideas","{""ImportId"":""QID77_40""}",1,3,4,4,5,4,4,4,5,4,4,3,4,3,4,4,3,2,3,2,4,4,5,3,5,1,4,4,5,5
Q2.1_41,BFI,41,I see myself as someone who is: - Has few artistic interests,"{""ImportId"":""QID77_41""}",5,3,1,1,2,2,1,3,1,3,3,3,2,2,5,3,3,4,1,1,4,2,1,3,1,2,5,2,1,1
Q2.1_42,BFI,42,I see myself as someone who is: - Likes to cooperate with others,"{""ImportId"":""QID77_42""}",3,5,5,3,3,4,4,3,3,4,4,4,2,4,4,3,4,3,3,3,3,4,3,4,5,4,5,2,5,5
Q2.1_43,BFI,43,I see myself as someone who is: - Is easily disracted,"{""ImportId"":""QID77_43""}",1,2,2,3,3,4,4,2,1,1,4,2,2,2,1,5,2,2,2,2,2,5,2,2,4,1,5,4,1,1
Q2.1_44,BFI,44,"I see myself as someone who is: - Is sophisticated in art, music, or literature","{""ImportId"":""QID77_44""}",1,4,4,3,4,4,4,2,5,4,2,2,4,2,1,4,2,2,5,5,2,5,4,3,5,5,4,4,4,4
Q2.2_Page Submit,BFI,response_time,Timing - Page Submit,"{""ImportId"":""QID78_PAGE_SUBMIT""}",45.09,111.345,78.537,108.839,57.187,176.82,64.387,97.222,171.686,149.639,59.357,115.27,120.83,421.774,103.031,109.865,144.217,245.202,126.556,130.669,74.479,69.49,183.603,28.62,962.867,33.866,61.295,87.613,116.779,168.926
Q3.1_1,NARS,1,Click to write the question text - I would feel uneasy if robots really had emotions.,"{""ImportId"":""QID90_1""}",5,4,5,2,3,4,4,4,5,3,4,5,4,4,4,5,1,4,3,1,2,4,1,5,4,4,4,3,3,3
Q3.1_2,NARS,2,Click to write the question text - Something bad might happen if robots developed into living beings.,"{""ImportId"":""QID90_2""}",5,2,5,3,4,4,4,5,5,2,4,4,4,2,4,4,1,4,2,1,1,5,3,4,5,3,4,4,3,3
Q3.1_3,NARS,3,Click to write the question text - I would feel relaxed talking with robots.,"{""ImportId"":""QID90_3""}",2,2,2,4,3,2,2,3,1,4,2,3,2,4,4,4,5,3,3,5,4,4,5,4,3,4,2,3,2,4
Q3.1_4,NARS,4,Click to write the question text - I would feel uneasy if I was given a job where I had to use robots.,"{""ImportId"":""QID90_4""}",1,4,4,2,2,1,4,3,5,1,3,2,2,1,3,4,1,2,2,1,2,1,1,4,2,1,4,3,1,1
Q3.1_5,NARS,5,"Click to write the question text - If robots had emotions, I would be able to make friends with them.","{""ImportId"":""QID90_5""}",1,3,4,4,4,4,4,2,1,4,3,2,3,4,2,5,5,3,3,5,3,2,4,2,3,1,2,3,3,4
Q3.1_6,NARS,6,Click to write the question text - I (would?) feel comforted being with robots that have emotions.,"{""ImportId"":""QID90_6""}",1,4,2,3,2,2,2,1,1,4,2,1,2,2,3,3,5,2,2,5,3,4,4,3,2,1,2,2,3,3
Q3.1_7,NARS,7,"Click to write the question text - The word ""robot"" means nothing to me.","{""ImportId"":""QID90_7""}",1,1,2,2,1,1,2,3,1,2,2,2,2,3,2,4,3,1,2,3,1,1,2,3,1,5,2,3,1,1
Q3.1_8,NARS,8,Click to write the question text - I would feel nervous operating a robot in front of other people.,"{""ImportId"":""QID90_8""}",2,4,4,3,2,1,4,2,5,1,3,2,4,1,4,4,1,3,3,1,2,1,1,4,1,1,4,2,2,1
Q3.1_9,NARS,9,Click to write the question text - I would hate the idea that robots or artificial intelligence were making judgments about things.,"{""ImportId"":""QID90_9""}",5,2,4,3,3,2,2,4,5,3,3,4,2,4,3,3,1,4,4,1,2,4,2,3,5,2,5,4,3,4
Q3.1_10,NARS,10,Click to write the question text - I would feel very nervous just standing in front of a robot.,"{""ImportId"":""QID90_10""}",3,4,3,2,2,1,4,1,5,1,4,3,2,1,2,4,1,2,2,1,1,1,1,3,2,1,5,1,1,1
Q3.1_11,NARS,11,"Click to write the question text - I feel that if I depend on robots too much, something bad might happen.","{""ImportId"":""QID90_11""}",5,4,5,3,3,1,5,3,5,3,4,2,3,1,4,5,1,4,3,1,2,1,4,2,5,2,4,3,3,1
Q3.1_12,NARS,12,Click to write the question text - I would feel paranoid talking with a robot.,"{""ImportId"":""QID90_12""}",5,1,4,2,2,2,5,1,5,1,4,3,4,2,2,4,1,3,2,1,2,1,1,3,2,1,4,2,1,1
Q3.1_13,NARS,13,Click to write the question text - I am concerned that robots would be a bad influence on children.,"{""ImportId"":""QID90_13""}",5,2,4,2,4,2,2,2,5,3,3,2,2,2,4,3,1,1,2,1,1,3,2,3,2,1,4,2,2,1
Q3.1_14,NARS,14,Click to write the question text - I feel that in the future society will be dominated by robots.,"{""ImportId"":""QID90_14""}",2,4,4,2,3,2,4,3,1,1,5,4,2,1,3,4,3,3,3,4,2,3,1,4,4,2,5,2,1,1
Q3.2_Page Submit,NARS,response_time,Timing - Page Submit,"{""ImportId"":""QID91_PAGE_SUBMIT""}",30.78,40.084,46.503,70.036,40.197,63.649,43.531,66.928,40.688,70.315,19.696,72.922,70.941,72.46,102.871,18.64,227.284,56.261,49.799,245.292,47.93,79.984,71.942,9.357,34.661,20.563,16.918,46.736,61.713,123.602
Q5.1,QID96,,Which robot do you agree with?,"{""ImportId"":""QID96""}",2,2,2,2,2,2,2,2,2,2,1,2,2,2,2,2,2,2,1,2,2,2,2,1,2,2,2,2,2,1
Q5.2_Page Submit,QID96,response_time,Timing - Page Submit,"{""ImportId"":""QID97_PAGE_SUBMIT""}",2.054,4.693,3.099,2.891,23.43,2.94,5.528,4.069,5.713,7.063,8.135,12.818,9.231,5.881,8.05,4.753,2.923,81.805,15.619,2.239,2.719,6.866,7.212,2.134,3.895,1.487,1.398,65.615,3.581,12.067
Q7.1,QID98,,Which robot do you agree with?,"{""ImportId"":""QID98""}",2,2,2,2,2,2,1,2,2,1,1,2,2,2,2,2,2,1,2,2,2,2,1,2,2,2,2,2,2,2
Q7.2_Page Submit,QID98,response_time,Timing - Page Submit,"{""ImportId"":""QID99_PAGE_SUBMIT""}",1.349,4.367,0.702,2.024,1.88,1.592,1.393,1.703,2.989,2.413,0.931,3.34,2.891,6.866,2.557,11.732,1.335,1.407,11.649,1.535,1.681,1.582,2.058,1.871,2.45,0.36,1.19,1.251,2.241,2.343
Q8.1,trap_question,,What does Liz enjoy doing?,"{""ImportId"":""QID94""}",4,4,4,4,4,4,4,4,3,4,4,4,4,4,4,4,1,4,4,1,4,4,4,1,1,1,4,4,4,4
Q8.2_Page Submit,QID94,response_time,Timing - Page Submit,"{""ImportId"":""QID95_PAGE_SUBMIT""}",13.747,19.349,17.377,16.919,11.133,6.027,34.042,5.979,4.592,7.964,7.836,13.238,42.295,41.988,9.642,112.736,22.749,38.985,40.647,2.757,2.445,9.462,6.834,6.316,97.541,11.75,2.579,31.876,6.988,18.846
Q10.1,QID100,,Which robot do you agree with?,"{""ImportId"":""QID100""}",1,1,2,2,2,2,2,2,1,1,2,1,1,2,2,2,2,2,2,2,2,2,1,2,2,1,2,1,2,1
Q10.2_Page Submit,QID100,response_time,Timing - Page Submit,"{""ImportId"":""QID101_PAGE_SUBMIT""}",1.663,3.768,0.783,1.944,1.796,1.372,1.176,1.745,2.774,2.439,1.164,4.517,3.002,1.885,2.269,1.936,1.447,22.54,1.612,1.126,1.812,1.825,2.225,2.122,2.227,0.447,0.946,17.061,1.943,1.854
Q12.1,QID102,,Which robot do you agree with?,"{""ImportId"":""QID102""}",1,2,2,2,2,2,2,2,2,1,2,1,1,1,2,1,2,2,2,2,2,2,2,2,2,2,2,2,2,1
Q12.2_Page Submit,QID102,response_time,Timing - Page Submit,"{""ImportId"":""QID103_PAGE_SUBMIT""}",1.773,4.595,0.778,1.686,1.757,1.615,2.783,1.067,3.244,4.446,1.084,3.821,3.172,4.788,3.15,1.482,1.43,1.899,1.127,1.697,1.834,1.793,2.139,2.04,1.85,0.439,1.142,1.583,1.639,1.377
Q14.1,QID104,,Which robot do you agree with?,"{""ImportId"":""QID104""}",2,2,2,2,2,2,2,2,2,2,2,1,1,2,2,2,2,2,2,2,1,1,2,1,2,2,2,2,2,2
Q14.2_Page Submit,QID104,response_time,Timing - Page Submit,"{""ImportId"":""QID105_PAGE_SUBMIT""}",1.175,3.008,0.897,1.814,1.985,1.692,1.587,1.034,3.076,2.44,1.152,2.557,2.531,1.119,2.446,1.758,1.173,1.732,1.57,1.391,1.999,1.963,1.296,2.317,2.614,0.627,1.147,1.258,1.393,1.799
Q16.1,QID106,,Which robot DON'T you agree with?,"{""ImportId"":""QID106""}",2,2,1,1,2,2,1,2,2,2,2,2,2,1,2,2,1,1,2,2,2,1,2,2,2,1,1,1,1,1
Q16.2_Page Submit,QID106,response_time,Timing - Page Submit,"{""ImportId"":""QID107_PAGE_SUBMIT""}",0.809,4.001,4.68,4.25,19.462,4.599,2.998,1.038,4.818,3.478,2.041,8.384,1.917,3.29,3,2.488,3.194,5.562,2.67,1.113,5.182,4.288,21.967,2.427,1.562,0.489,5.353,4.74,2.907,5.01
Q18.1,QID108,,Which robot do you agree with?,"{""ImportId"":""QID108""}",2,1,2,2,2,2,1,2,1,2,2,1,1,2,2,2,2,2,2,2,2,2,2,1,1,1,2,2,2,2
Q18.2_Page Submit,QID108,response_time,Timing - Page Submit,"{""ImportId"":""QID109_PAGE_SUBMIT""}",1.469,3.581,1.53,2.134,1.948,2.521,2.198,5.036,5.572,3.594,0.934,4.21,2.786,3.474,2.674,7.384,1.526,36.554,2.007,1.372,2.28,2.906,2.479,1.844,3.058,1.218,1.619,2.017,1.97,3.148
Q19.1_6,QID92,6,For each statement choose a robot. - Which robot would you trust to manage your investments portfolio?,"{""ImportId"":""QID92_6""}",1,1,1,1,1,1,1,1,1,4,1,4,4,1,1,1,1,1,1,1,1,1,4,4,1,1,1,1,1,1
Q19.1_2,QID92,2,For each statement choose a robot. - Which robot do you think will serve as a good jury member?,"{""ImportId"":""QID92_2""}",1,1,1,1,1,1,1,1,1,4,4,4,1,1,1,1,1,1,1,1,1,1,1,1,1,4,1,1,1,1
Q19.1_7,QID92,7,For each statement choose a robot. - Which robot do you think will be a better analyst?,"{""ImportId"":""QID92_7""}",1,1,1,1,1,1,1,1,1,4,1,4,4,1,1,1,1,1,1,1,1,1,4,1,1,1,1,1,1,1
Q19.1_3,QID92,3,For each statement choose a robot. - Which robot would you like as a bartender?,"{""ImportId"":""QID92_3""}",1,4,1,1,4,1,4,1,4,1,4,4,1,4,1,4,1,4,4,1,1,4,4,4,4,4,1,4,1,1
Q19.2_Page Submit,QID92,response_time,Timing - Page Submit,"{""ImportId"":""QID93_PAGE_SUBMIT""}",8.295,10.708,19.908,19.17,17.742,10.181,7.812,10.727,10.628,9.924,61.661,18.55,22.046,8.675,15.772,5.779,7.224,37.566,10.746,12.222,15.193,12.514,46.232,11.359,8.336,5.882,6.572,11.299,11.014,22.93
Q79#1_1,QID79#1,1,In the question below you will be asked about the two robots. In each question the left column re... - Click to write Column 1 - Fake - Natrual,"{""ImportId"":""QID79#1_1""}",1,2,1,5,2,1,1,,1,1,4,1,3,1,5,4,2,,1,1,5,3,,3,1,4,4,1,3,
Q79#2_1,QID79#2,1,In the question below you will be asked about the two robots. In each question the left column re... - Click to write Column 2 - Fake - Natrual,"{""ImportId"":""QID79#2_1""}",1,4,5,1,4,5,3,,1,5,3,2,3,5,4,3,2,,5,1,1,4,,3,5,3,5,5,3,
Q20.2#1_1,GODSPEED1,1,Please rate your impression of the robot on these scales: - blue robot - Fake - Natrual,"{""ImportId"":""QID80#1_1""}",1,4,1,4,3,4,2,3,1,2,3,3,3,2,5,5,2,3,4,2,4,4,4,3,3,5,5,4,2,4
Q20.2#1_2,GODSPEED1,2,Please rate your impression of the robot on these scales: - blue robot - Machinlike - Humnalike,"{""ImportId"":""QID80#1_2""}",1,3,1,3,2,4,2,1,1,3,4,4,4,1,4,4,2,3,3,2,3,2,3,3,2,5,5,4,2,2
Q20.2#1_3,GODSPEED1,3,Please rate your impression of the robot on these scales: - blue robot - Unconscious - Conscious,"{""ImportId"":""QID80#1_3""}",2,4,1,2,2,4,2,1,1,5,2,2,3,4,1,3,2,3,4,2,4,4,3,2,4,5,4,3,1,3
Q20.2#1_4,GODSPEED1,4,Please rate your impression of the robot on these scales: - blue robot - Artificial - Lifelike,"{""ImportId"":""QID80#1_4""}",1,4,1,2,3,4,2,1,1,2,2,4,4,1,2,4,2,2,4,2,3,4,3,2,3,5,4,3,1,3
Q20.2#1_5,GODSPEED1,5,Please rate your impression of the robot on these scales: - blue robot - Moving rigidly - Moving elegantly,"{""ImportId"":""QID80#1_5""}",1,2,1,1,3,2,2,1,1,3,3,5,4,1,3,4,2,2,3,2,1,3,4,3,3,4,5,2,1,4
Q20.2#1_6,GODSPEED1,6,Please rate your impression of the robot on these scales: - blue robot - Dead - Alive,"{""ImportId"":""QID80#1_6""}",2,4,1,3,2,4,4,2,1,4,3,3,4,4,1,5,2,3,3,2,2,3,3,4,3,5,5,3,3,2
Q20.2#1_7,GODSPEED1,7,Please rate your impression of the robot on these scales: - blue robot - Stagnant - Lively,"{""ImportId"":""QID80#1_7""}",2,3,1,3,4,4,3,1,1,4,2,4,4,2,4,5,2,2,4,2,2,3,4,4,2,5,5,3,2,3
Q20.2#1_8,GODSPEED1,8,Please rate your impression of the robot on these scales: - blue robot - Mechanical - Organic,"{""ImportId"":""QID80#1_8""}",1,4,1,2,3,3,4,1,1,2,2,4,3,1,1,4,2,2,2,2,2,4,1,2,5,4,4,1,1,2
Q20.2#1_9,GODSPEED1,9,Please rate your impression of the robot on these scales: - blue robot - Artificial - Lifelike,"{""ImportId"":""QID80#1_9""}",1,4,1,2,3,3,2,1,1,3,3,4,4,1,1,3,2,2,3,2,2,4,1,2,1,5,5,2,2,2
Q20.2#1_10,GODSPEED1,10,Please rate your impression of the robot on these scales: - blue robot - Inert - Interactive,"{""ImportId"":""QID80#1_10""}",3,3,1,4,4,4,2,4,1,4,4,4,4,5,5,3,4,3,4,2,4,4,3,4,3,5,5,4,3,4
Q20.2#1_11,GODSPEED1,11,Please rate your impression of the robot on these scales: - blue robot - Apathetic - Responsive,"{""ImportId"":""QID80#1_11""}",4,4,1,3,4,4,4,3,1,4,2,4,4,5,5,4,4,3,4,2,4,4,3,4,4,5,4,4,4,4
Q20.2#1_12,GODSPEED1,12,Please rate your impression of the robot on these scales: - blue robot - Dislike - Like,"{""ImportId"":""QID80#1_12""}",2,4,1,4,3,4,4,1,1,5,4,3,4,3,5,5,4,4,4,2,4,4,4,2,5,5,5,3,3,5
Q20.2#1_13,GODSPEED1,13,Please rate your impression of the robot on these scales: - blue robot - Unfriendly - Friendly,"{""ImportId"":""QID80#1_13""}",3,3,3,3,4,4,4,2,1,5,3,5,4,5,5,4,4,4,3,2,4,5,4,2,3,5,5,5,4,4
Q20.2#1_14,GODSPEED1,14,Please rate your impression of the robot on these scales: - blue robot - Unkind - Kind,"{""ImportId"":""QID80#1_14""}",3,4,3,3,3,4,3,2,1,5,3,4,4,4,5,5,4,4,4,2,3,5,4,3,3,5,4,4,3,3
Q20.2#1_15,GODSPEED1,15,Please rate your impression of the robot on these scales: - blue robot - Unpleasant - Pleasant,"{""ImportId"":""QID80#1_15""}",3,2,3,3,4,4,4,3,1,5,2,3,4,5,5,5,4,4,4,2,4,4,4,3,3,5,4,4,4,4
Q20.2#1_16,GODSPEED1,16,Please rate your impression of the robot on these scales: - blue robot - Awful - Nice,"{""ImportId"":""QID80#1_16""}",3,3,3,3,4,4,4,2,1,5,3,4,4,4,5,4,4,4,3,2,4,4,4,3,3,5,5,3,4,4
Q20.2#1_17,GODSPEED1,17,Please rate your impression of the robot on these scales: - blue robot - Incompetent - Competent,"{""ImportId"":""QID80#1_17""}",2,3,4,3,4,4,4,2,1,4,4,2,3,3,4,3,4,3,4,2,4,4,3,2,5,5,5,5,5,5
Q20.2#1_18,GODSPEED1,18,Please rate your impression of the robot on these scales: - blue robot - Ignorant - Knowledgeable,"{""ImportId"":""QID80#1_18""}",2,4,4,3,4,4,4,2,1,3,5,3,3,3,4,3,4,3,4,2,4,5,3,2,5,5,5,4,4,3
Q20.2#1_19,GODSPEED1,19,Please rate your impression of the robot on these scales: - blue robot - Irresponsible - Responsible,"{""ImportId"":""QID80#1_19""}",2,4,3,3,3,4,3,1,1,3,2,2,3,3,4,4,4,4,4,2,2,4,3,3,5,4,4,4,3,3
Q20.2#1_20,GODSPEED1,20,Please rate your impression of the robot on these scales: - blue robot - Unintelligent - Intelligent,"{""ImportId"":""QID80#1_20""}",2,3,4,3,3,4,4,2,1,3,3,4,3,4,4,3,4,3,3,2,3,5,2,2,5,5,5,4,4,4
Q20.2#1_21,GODSPEED1,21,Please rate your impression of the robot on these scales: - blue robot - Foolish - Sensible,"{""ImportId"":""QID80#1_21""}",3,4,4,3,4,5,4,3,1,4,3,2,3,3,5,4,4,3,4,2,4,4,2,2,5,4,4,5,5,4
Q20.2#1_22,GODSPEED1,22,Please rate your impression of the robot on these scales: - blue robot - Anxious - Relaxed,"{""ImportId"":""QID80#1_22""}",4,2,5,3,3,4,4,3,1,4,4,5,3,5,4,4,4,4,5,2,2,4,3,4,3,4,5,4,3,5
Q20.2#1_23,GODSPEED1,23,Please rate your impression of the robot on these scales: - blue robot - Agitated - Calm,"{""ImportId"":""QID80#1_23""}",5,4,5,3,3,4,4,5,1,4,4,5,3,5,5,5,4,4,5,2,2,4,5,3,5,4,5,4,4,5
Q20.2#1_24,GODSPEED1,24,Please rate your impression of the robot on these scales: - blue robot - Quiescent - Surprised,"{""ImportId"":""QID80#1_24""}",2,3,1,3,2,3,2,3,1,2,2,3,4,2,1,3,3,2,2,2,1,2,4,3,2,3,5,3,2,3
Q20.2#2_1,GODSPEED2,1,Please rate your impression of the robot on these scales: - red robot - Fake - Natrual,"{""ImportId"":""QID80#2_1""}",1,2,1,2,4,3,2,1,1,4,3,3,2,2,3,3,2,3,2,1,3,2,3,3,4,2,3,2,1,3
Q20.2#2_2,GODSPEED2,2,Please rate your impression of the robot on these scales: - red robot - Machinlike - Humnalike,"{""ImportId"":""QID80#2_2""}",1,1,1,3,2,3,2,1,1,3,2,3,2,1,5,3,2,2,2,1,4,4,2,3,4,3,3,3,2,2
Q20.2#2_3,GODSPEED2,3,Please rate your impression of the robot on these scales: - red robot - Unconscious - Conscious,"{""ImportId"":""QID80#2_3""}",2,2,1,2,2,3,2,1,1,4,4,2,2,4,1,2,2,3,3,1,4,3,3,2,2,3,2,3,1,3
Q20.2#2_4,GODSPEED2,4,Please rate your impression of the robot on these scales: - red robot - Artificial - Lifelike,"{""ImportId"":""QID80#2_4""}",1,2,1,2,3,3,2,1,1,2,4,2,2,1,2,3,2,2,2,1,2,2,2,3,4,3,2,3,1,3
Q20.2#2_5,GODSPEED2,5,Please rate your impression of the robot on these scales: - red robot - Moving rigidly - Moving elegantly,"{""ImportId"":""QID80#2_5""}",1,2,1,1,3,2,2,1,1,3,4,1,2,1,3,3,2,2,2,1,1,3,4,3,4,2,3,2,2,2
Q20.2#2_6,GODSPEED2,6,Please rate your impression of the robot on these scales: - red robot - Dead - Alive,"{""ImportId"":""QID80#2_6""}",2,2,1,3,2,4,4,2,1,4,3,3,3,4,1,4,2,3,2,1,2,3,3,3,4,3,1,3,3,2
Q20.2#2_7,GODSPEED2,7,Please rate your impression of the robot on these scales: - red robot - Stagnant - Lively,"{""ImportId"":""QID80#2_7""}",2,3,1,3,4,3,2,1,1,4,4,5,2,2,4,3,2,2,2,1,2,3,3,2,4,3,3,3,2,3
Q20.2#2_8,GODSPEED2,8,Please rate your impression of the robot on these scales: - red robot - Mechanical - Organic,"{""ImportId"":""QID80#2_8""}",1,1,1,2,3,2,4,1,1,2,2,3,2,1,1,4,2,2,1,1,2,2,1,3,5,2,2,1,1,2
Q20.2#2_9,GODSPEED2,9,Please rate your impression of the robot on these scales: - red robot - Artificial - Lifelike,"{""ImportId"":""QID80#2_9""}",1,2,1,2,3,3,2,1,1,3,4,2,2,1,1,3,2,2,2,1,2,3,1,3,2,2,3,2,2,2
Q20.2#2_10,GODSPEED2,10,Please rate your impression of the robot on these scales: - red robot - Inert - Interactive,"{""ImportId"":""QID80#2_10""}",3,3,1,4,4,4,2,4,1,4,4,4,2,5,5,5,4,3,3,1,3,3,2,3,4,3,3,4,3,4
Q20.2#2_11,GODSPEED2,11,Please rate your impression of the robot on these scales: - red robot - Apathetic - Responsive,"{""ImportId"":""QID80#2_11""}",4,2,1,3,4,2,4,3,1,3,4,4,3,5,5,3,4,3,4,1,3,4,3,2,5,3,3,4,4,2
Q20.2#2_12,GODSPEED2,12,Please rate your impression of the robot on these scales: - red robot - Dislike - Like,"{""ImportId"":""QID80#2_12""}",2,3,1,3,3,4,4,1,1,5,4,5,3,3,4,2,4,3,3,1,3,4,3,3,3,3,2,3,2,3
Q20.2#2_13,GODSPEED2,13,Please rate your impression of the robot on these scales: - red robot - Unfriendly - Friendly,"{""ImportId"":""QID80#2_13""}",3,2,3,3,4,4,3,2,1,5,4,5,3,5,5,3,4,4,3,1,3,4,3,2,5,4,3,5,3,4
Q20.2#2_14,GODSPEED2,14,Please rate your impression of the robot on these scales: - red robot - Unkind - Kind,"{""ImportId"":""QID80#2_14""}",3,1,3,3,3,4,4,2,1,5,3,4,3,4,5,3,4,4,3,1,2,4,3,2,3,4,3,4,3,3
Q20.2#2_15,GODSPEED2,15,Please rate your impression of the robot on these scales: - red robot - Unpleasant - Pleasant,"{""ImportId"":""QID80#2_15""}",3,2,3,3,4,4,4,3,1,5,3,5,3,5,5,2,4,4,3,1,2,4,3,3,4,4,2,4,3,4
Q20.2#2_16,GODSPEED2,16,Please rate your impression of the robot on these scales: - red robot - Awful - Nice,"{""ImportId"":""QID80#2_16""}",3,3,3,3,4,4,4,2,1,5,3,4,4,4,5,3,4,4,3,1,3,4,3,3,4,4,2,3,3,4
Q20.2#2_17,GODSPEED2,17,Please rate your impression of the robot on these scales: - red robot - Incompetent - Competent,"{""ImportId"":""QID80#2_17""}",1,3,2,3,3,2,4,2,1,4,2,4,3,4,3,2,4,2,4,1,4,3,4,3,1,2,2,2,3,4
Q20.2#2_18,GODSPEED2,18,Please rate your impression of the robot on these scales: - red robot - Ignorant - Knowledgeable,"{""ImportId"":""QID80#2_18""}",1,2,2,3,3,2,4,2,1,3,4,5,2,4,3,3,4,2,4,1,3,3,4,3,1,2,3,2,3,3
Q20.2#2_19,GODSPEED2,19,Please rate your impression of the robot on these scales: - red robot - Irresponsible - Responsible,"{""ImportId"":""QID80#2_19""}",2,2,2,3,3,2,3,1,1,3,4,4,3,3,3,4,4,3,4,1,3,3,4,2,1,3,2,2,3,3
Q20.2#2_20,GODSPEED2,20,Please rate your impression of the robot on these scales: - red robot - Unintelligent - Intelligent,"{""ImportId"":""QID80#2_20""}",1,3,2,3,3,2,4,2,1,3,3,4,3,5,3,3,4,2,3,1,3,3,4,2,2,2,3,3,3,3
Q20.2#2_21,GODSPEED2,21,Please rate your impression of the robot on these scales: - red robot - Foolish - Sensible,"{""ImportId"":""QID80#2_21""}",3,2,2,3,3,2,4,3,1,4,3,4,3,5,4,4,4,2,4,1,3,3,4,2,2,2,2,2,4,4
Q20.2#2_22,GODSPEED2,22,Please rate your impression of the robot on these scales: - red robot - Anxious - Relaxed,"{""ImportId"":""QID80#2_22""}",4,3,5,3,3,4,4,3,1,4,2,3,2,5,4,4,4,4,2,1,2,2,3,3,3,2,3,2,3,5
Q20.2#2_23,GODSPEED2,23,Please rate your impression of the robot on these scales: - red robot - Agitated - Calm,"{""ImportId"":""QID80#2_23""}",5,1,5,3,3,4,4,5,1,4,3,3,4,5,5,3,4,4,2,1,2,2,4,3,2,2,3,3,4,5
Q20.2#2_24,GODSPEED2,24,Please rate your impression of the robot on these scales: - red robot - Quiescent - Surprised,"{""ImportId"":""QID80#2_24""}",2,2,1,3,2,3,2,3,1,2,3,3,3,2,1,3,3,2,3,1,1,2,2,3,3,3,3,3,2,3
Q20.3_Page Submit,GODSPEED2,response_time,Timing - Page Submit,"{""ImportId"":""QID81_PAGE_SUBMIT""}",99.738,135.912,127.215,147.387,153.464,168.689,129.296,170.293,41.035,158.329,182.726,283.558,219.269,108.467,390.072,52.104,473.695,171.582,267.786,72.108,176.514,129.89,187.794,30.468,154.205,69.486,79.201,140.116,172.02,326.451
Q110,QID110,,Which robot would you prefer?,"{""ImportId"":""QID110""}",5,5,5,5,5,5,5,5,5,4,5,4,5,5,5,5,5,5,5,5,5,5,4,5,5,5,5,5,5,5
Q111,QID111,"TEXT""}",Why do you prefer this robot?,"{""ImportId"":""QID111_TEXT""}","Neither seemed to really be correct usually.  But the blue was more correct, or had some reasoning it seemed to the choices.",I feel like it was more responsive,The blue robot gave more logical and well-thought out (rational) responses. Thus I prefer it to give me better advice.,The way they ordered their options made more sense to me.,"The blue robot reasons more accurately. I can't see the point of having robots designed to make the same reasoning ""errors"" that humans make.",ii felt like I agreed with this robots choices more and its thinking was more like my own,He seemed to analyze things better and his answers were clearer and right most of the time.,those answers were correct,I didn't really see a difference but blue was more up to par,I like the color red better.,It seems to be more logical which robots are all about anyway,"I found the red robot to be more intelligent, and more robotic which is what I prefer. The blue one seemed calmer, and said what it felt like, and that is what scares me about robots.",It seemed more natural or human-like with the gestures it made and the words it used.,This robot seemed more intelligent as if it understood what the woman was saying more so than the red robot.  There didn't seem to be any reasoning behind what the red robot was saying.,the blue robot tends to make the same conclusions I would and the red one puts the combined conclusions in the middle.That doesn't seem logical.,Blue is clear in saying and has nice point of view.,Seems smarter,The logic that the Blue robot used to determine the correct rankings were more similar to my own than the Red robot. I found it easier to relate to the Blue robot because of this.,"Seemed more interactive, more responsive, moved more fluidly, answers were more compatible with how a person would respond",Because the way they ordered things made more sense to me,"The blue robot typically chose things in a better and more realistic order.  They didn't answer any questions, but they ordered the potential answers in a more natural way.  ",When i was thinking about the answers the blue robot always responded in the way i would.,"I got a more ""logical"" feeling from the red robot for some reason,  it was also strait to the point with its answers which isn't unlike myself",.,Blue robot's answers made more sense most of the time,It was more natural overall,This robot seemed to be a whole lot smarter and competent as well as humanlike. ,"Seemed to be more accurate with the listings and rankings, and the more intelligent the Blue robot is, the more likely I am to trust or prefer it.",The blue robot gave more logical responses.,I liked the blue over the red color. I liked this robot's selection.
survey_code,survey,"code""}",survey_code,"{""ImportId"":""survey_code""}",78170450,61512389,97488914,91497886,40243867,27370333,46337981,43705451,21480550,22811469,89631680,13730315,63702459,82088064,49900990,63571050,68606613,55954556,23607634,24981975,58615803,20362426,63463136,19906502,92509633,58370964,77535468,60387666,85356738,96326690
0,red_robot,deployment,side,,left,left,left,left,left,left,left,left,left,left,left,left,left,left,left,left,left,left,left,left,left,left,left,left,left,left,left,left,left,left
0,red_robot,deployment,rationality,,half,half,half,half,half,half,half,half,half,half,half,half,half,half,half,half,half,half,half,half,half,half,half,half,half,half,half,half,half,half
0,blue_robot,deployment,side,,right,right,right,right,right,right,right,right,right,right,right,right,right,right,right,right,right,right,right,right,right,right,right,right,right,right,right,right,right,right
0,blue_robot,deployment,rationality,,rational,rational,rational,rational,rational,rational,rational,rational,rational,rational,rational,rational,rational,rational,rational,rational,rational,rational,rational,rational,rational,rational,rational,rational,rational,rational,rational,rational,rational,rational
