,question,option,full_text,dict_text,2,3,4,5,6,7,8,9,10,11,12,13,14,15,16,17,18,19,20,21,22,23,24,25,26,27,28,29,30,31,32
StartDate,"startDate,timeZone",,Start Date,"{""ImportId"":""startDate"",""timeZone"":""America/Denver""}",2018-06-26 02:15:36,2018-06-26 02:10:42,2018-06-26 02:10:25,2018-06-26 02:17:28,2018-06-26 02:09:50,2018-06-26 02:16:23,2018-06-26 02:27:19,2018-06-26 02:22:27,2018-06-26 02:22:17,2018-06-26 02:12:14,2018-06-26 02:24:20,2018-06-26 02:20:30,2018-06-26 02:26:36,2018-06-26 02:31:08,2018-06-26 02:25:57,2018-06-26 02:33:31,2018-06-26 02:10:19,2018-06-26 02:48:10,2018-06-26 02:53:59,2018-06-26 02:42:17,2018-06-26 03:00:44,2018-06-26 03:11:44,2018-06-26 03:14:23,2018-06-26 03:11:21,2018-06-26 03:20:51,2018-06-26 03:30:49,2018-06-26 02:56:13,2018-06-26 03:48:50,2018-06-26 03:37:28,2018-06-26 03:40:27,2018-06-26 03:50:23
EndDate,"endDate,timeZone",,End Date,"{""ImportId"":""endDate"",""timeZone"":""America/Denver""}",2018-06-26 02:18:09,2018-06-26 02:24:34,2018-06-26 02:26:40,2018-06-26 02:26:54,2018-06-26 02:27:34,2018-06-26 02:32:00,2018-06-26 02:34:04,2018-06-26 02:34:42,2018-06-26 02:34:43,2018-06-26 02:36:52,2018-06-26 02:37:43,2018-06-26 02:37:57,2018-06-26 02:41:52,2018-06-26 02:42:41,2018-06-26 02:46:43,2018-06-26 02:49:57,2018-06-26 02:51:08,2018-06-26 02:56:30,2018-06-26 03:02:37,2018-06-26 03:04:04,2018-06-26 03:18:37,2018-06-26 03:27:50,2018-06-26 03:32:17,2018-06-26 03:33:07,2018-06-26 03:35:59,2018-06-26 03:43:47,2018-06-26 03:44:33,2018-06-26 04:03:27,2018-06-26 04:03:37,2018-06-26 04:11:07,2018-06-26 04:14:37
Status,status,,Response Type,"{""ImportId"":""status""}",0,0,0,0,0,0,0,0,0,0,0,0,0,0,0,0,0,0,0,0,0,0,0,0,0,0,0,0,0,0,0
IPAddress,ipAddress,,IP Address,"{""ImportId"":""ipAddress""}",71.84.20.24,174.218.2.38,73.184.142.159,76.171.45.72,146.185.31.214,24.20.124.0,198.184.147.16,68.37.211.184,47.214.190.65,70.190.71.6,138.75.174.102,108.84.149.88,107.211.221.164,96.249.250.200,136.33.51.78,68.37.211.184,79.178.220.104,99.58.42.214,110.54.215.129,75.104.114.203,174.59.105.108,173.25.95.117,45.27.36.30,99.113.144.178,27.34.17.249,76.98.73.254,99.124.216.42,170.253.133.237,99.190.112.31,71.182.235.61,107.12.251.52
Progress,progress,,Progress,"{""ImportId"":""progress""}",100,100,100,100,100,100,100,100,100,100,100,100,100,100,100,100,100,100,100,100,100,100,100,100,100,100,100,100,100,100,100
Duration (in seconds),duration,,Duration (in seconds),"{""ImportId"":""duration""}",152,831,974,565,1064,937,404,735,745,1477,802,1046,915,692,1245,986,2448,499,517,1306,1072,966,1073,1306,907,778,2900,877,1569,1839,1454
Finished,finished,,Finished,"{""ImportId"":""finished""}",1,1,1,1,1,1,1,1,1,1,1,1,1,1,1,1,1,1,1,1,1,1,1,1,1,1,1,1,1,1,1
RecordedDate,"recordedDate,timeZone",,Recorded Date,"{""ImportId"":""recordedDate"",""timeZone"":""America/Denver""}",2018-06-26 02:18:10,2018-06-26 02:24:35,2018-06-26 02:26:41,2018-06-26 02:26:55,2018-06-26 02:27:35,2018-06-26 02:32:01,2018-06-26 02:34:05,2018-06-26 02:34:43,2018-06-26 02:34:44,2018-06-26 02:36:52,2018-06-26 02:37:44,2018-06-26 02:37:57,2018-06-26 02:41:53,2018-06-26 02:42:42,2018-06-26 02:46:43,2018-06-26 02:49:58,2018-06-26 02:51:08,2018-06-26 02:56:30,2018-06-26 03:02:38,2018-06-26 03:04:04,2018-06-26 03:18:38,2018-06-26 03:27:51,2018-06-26 03:32:18,2018-06-26 03:33:08,2018-06-26 03:35:59,2018-06-26 03:43:48,2018-06-26 03:44:34,2018-06-26 04:03:28,2018-06-26 04:03:37,2018-06-26 04:11:08,2018-06-26 04:14:38
ResponseId,ID,"recordId""}",Response ID,"{""ImportId"":""_recordId""}",R_1H1pGlFq5o38gIi,R_UflHBCi9E6OVrfX,R_3MnjJaiqjh1aenO,R_3OcYnCy9uGF2RKj,R_2uDnYWvFHzdmYcg,R_2roR87VV8m5pLel,R_2s1oySXpuCCFaRv,R_300GCOduv0FGOye,R_2Y9BrWErvhmzd7m,R_1IWaavD5o1fBrtk,R_1Ork883QeCxYqlv,R_1gT6WDLuzfrQnDP,R_2uwAsudrSFwpJeY,R_1N4aJMF7yKompK6,R_QmjGdHp6NbDLv8t,R_CeMHVvP4hKxSBAR,R_3nDAKPfAFRnf26v,R_1lfygB6E5vRwwZQ,R_2tfIMDE9f97DyNG,R_s53rLM3rnGMoa89,R_1mqMo4ZwpDishlM,R_2zSfAEJ00Uxsl4h,R_3FQIKv0EN3o3P8e,R_3kAJpcDzachhyV6,R_ANAKwnlIhgMPAFX,R_2aahIR32xj6tZxH,R_3qJyX3Cr5LjMqTi,R_3n9s9eyPyL9y9Hl,R_3OpsjP6ZUOjU2rq,R_3oMhksXse1eVedr,R_2zCvbHbYlCmMVXg
RecipientLastName,recipientLastName,,Recipient Last Name,"{""ImportId"":""recipientLastName""}",,,,,,,,,,,,,,,,,,,,,,,,,,,,,,,
RecipientFirstName,recipientFirstName,,Recipient First Name,"{""ImportId"":""recipientFirstName""}",,,,,,,,,,,,,,,,,,,,,,,,,,,,,,,
RecipientEmail,recipientEmail,,Recipient Email,"{""ImportId"":""recipientEmail""}",,,,,,,,,,,,,,,,,,,,,,,,,,,,,,,
ExternalReference,externalDataReference,,External Data Reference,"{""ImportId"":""externalDataReference""}",,,,,,,,,,,,,,,,,,,,,,,,,,,,,,,
LocationLatitude,locationLatitude,,Location Latitude,"{""ImportId"":""locationLatitude""}",35.618896484375,33.827392578125,33.918792724609,33.94140625,51.496398925781,45.498001098633,40.44059753418,42.272994995117,34.643798828125,33.339797973633,1.2931060791016,40.817199707031,30.843597412109,37.062698364258,39.014205932617,42.272994995117,32.066696166992,30.19270324707,14.385101318359,41.338592529297,40.114196777344,39.794204711914,34.940505981445,31.573104858398,27.716705322266,39.976699829102,35.314804077148,33.425903320312,34.20930480957,40.544692993164,34.900802612305
LocationLongitude,locationLongitude,,Location Longitude,"{""ImportId"":""locationLongitude""}",-120.76689910889,-84.324401855469,-84.067802429199,-117.95550537109,-0.12240600585938,-122.77839660645,-79.995903015137,-83.599403381348,-92.978797912598,-111.63849639893,103.85580444336,-81.438499450684,-90.063003540039,-76.405197143555,-94.595100402832,-83.599403381348,34.766693115234,-95.417098999023,120.88110351562,-105.86019897461,-76.508796691895,-88.273399353027,-82.167198181152,-90.495597839355,85.316711425781,-75.258598327637,-81.866798400879,-88.830299377441,-118.5751953125,-79.928802490234,-76.826202392578
DistributionChannel,distributionChannel,,Distribution Channel,"{""ImportId"":""distributionChannel""}",anonymous,anonymous,anonymous,anonymous,anonymous,anonymous,anonymous,anonymous,anonymous,anonymous,anonymous,anonymous,anonymous,anonymous,anonymous,anonymous,anonymous,anonymous,anonymous,anonymous,anonymous,anonymous,anonymous,anonymous,anonymous,anonymous,anonymous,anonymous,anonymous,anonymous,anonymous
UserLanguage,userLanguage,,User Language,"{""ImportId"":""userLanguage""}",EN,EN,EN,EN,EN,EN,EN,EN,EN,EN,EN,EN,EN,EN,EN,EN,EN,EN,EN,EN,EN,EN,EN,EN,EN,EN,EN,EN,EN,EN,EN
Q1.2,QID59,,"I am age 18 or older, I have read and understood the information above, I want to participate in this research and continue with the survey:","{""ImportId"":""QID59""}",1,1,1,1,1,1,1,1,1,1,1,1,1,1,1,1,1,1,1,1,1,1,1,1,1,1,1,1,1,1,1
Q1.3,gender,,To which gender identity do you most identify?,"{""ImportId"":""QID78""}",1,2,2,2,1,2,1,1,2,2,2,2,1,1,2,1,2,2,2,1,1,1,1,1,2,1,1,1,1,1,1
Q1.4,age,"TEXT""}",What is your age?,"{""ImportId"":""QID79_TEXT""}",24,24,44,26,22,29,31,28,28,21,33,33,57,25,25,61,55,28,32,52,23,57,39,51,27,26,31,20,66,53,27
Q1.5,education,,"What is the highest degree or level of school you have completed? (If 
youâ€™re currently enrolled in school, please indicate the highest degree 
you have received.)","{""ImportId"":""QID119""}",3,5,3,5,5,2,6,6,3,3,5,4,5,4,5,5,5,4,5,3,3,3,6,2,5,5,5,2,3,5,4
Q2.1_1,BFI,1,I see myself as someone who is: - Is talkative,"{""ImportId"":""QID104_1""}",4,2,2,1,5,1,4,4,1,1,4,5,2,4,4,4,4,1,4,2,1,2,2,4,1,4,5,4,4,5,2
Q2.1_2,BFI,2,I see myself as someone who is: - Tends to find fault with others,"{""ImportId"":""QID104_2""}",5,1,2,4,4,2,3,3,5,4,2,3,1,4,2,3,1,2,1,4,2,2,1,2,2,4,4,1,2,5,2
Q2.1_3,BFI,3,I see myself as someone who is: - Does a thorough job,"{""ImportId"":""QID104_3""}",4,5,3,5,4,4,4,3,1,5,4,5,5,4,4,3,4,5,4,5,5,5,4,5,4,5,3,5,5,5,5
Q2.1_4,BFI,4,"I see myself as someone who is: - Is depressed, blue","{""ImportId"":""QID104_4""}",5,3,3,3,3,3,2,3,,2,1,1,1,2,1,3,1,4,1,4,4,1,4,1,1,1,4,2,1,2,2
Q2.1_5,BFI,5,"I see myself as someone who is: - Is original, comes up with new ideas","{""ImportId"":""QID104_5""}",2,4,5,4,4,3,4,3,1,5,5,4,2,4,4,3,4,5,4,4,4,4,2,5,4,4,4,4,4,1,4
Q2.1_6,BFI,6,I see myself as someone who is: - Is reserved,"{""ImportId"":""QID104_6""}",5,4,4,5,3,5,4,2,1,5,3,1,5,4,2,3,4,5,4,4,5,2,4,5,4,2,3,3,4,2,4
Q2.1_7,BFI,7,I see myself as someone who is: - Is helpful and unselfish with others,"{""ImportId"":""QID104_7""}",1,3,3,4,3,4,4,3,1,4,1,4,5,3,4,3,5,5,4,4,5,5,4,4,5,5,5,4,5,4,4
Q2.1_8,BFI,8,I see myself as someone who is: - Can be somewhat careless,"{""ImportId"":""QID104_8""}",3,4,3,4,3,2,2,3,5,3,2,2,1,4,2,3,1,2,2,2,1,2,3,2,1,1,2,2,1,2,4
Q2.1_9,BFI,9,"I see myself as someone who is: - Is relaxed, handles stress well","{""ImportId"":""QID104_9""}",4,5,4,5,4,4,4,4,5,4,3,3,4,4,5,3,4,3,4,3,4,5,4,4,2,4,3,4,4,1,2
Q2.1_10,BFI,10,I see myself as someone who is: - Is curious about many different things,"{""ImportId"":""QID104_10""}",5,4,5,4,5,5,5,3,5,5,1,4,4,4,5,4,4,5,4,5,4,5,2,5,4,5,5,4,5,5,3
Q2.1_11,BFI,11,I see myself as someone who is: - Is full of energy,"{""ImportId"":""QID104_11""}",4,2,2,2,5,1,5,3,5,5,1,3,3,4,4,3,4,3,4,4,2,4,3,3,5,3,2,5,5,1,1
Q2.1_12,BFI,12,I see myself as someone who is: - Starts quarrels with others,"{""ImportId"":""QID104_12""}",5,1,2,2,2,1,1,3,5,3,4,3,1,2,2,3,1,1,2,2,1,2,1,1,4,1,3,1,1,1,2
Q2.1_13,BFI,13,I see myself as someone who is: - Is a reliable worker,"{""ImportId"":""QID104_13""}",4,4,4,5,3,4,4,4,1,5,1,4,5,4,4,4,4,5,4,5,5,5,5,5,4,5,4,5,5,5,5
Q2.1_14,BFI,14,I see myself as someone who is: - Can be tense,"{""ImportId"":""QID104_14""}",5,2,4,2,4,2,2,3,5,3,4,3,4,2,2,3,2,4,4,3,4,4,2,2,2,2,5,1,2,5,5
Q2.1_15,BFI,15,"I see myself as someone who is: - Is ingenious, a deep thinker","{""ImportId"":""QID104_15""}",4,5,5,4,4,3,4,3,1,5,5,5,3,2,3,3,4,5,2,5,3,2,2,5,3,4,4,4,4,1,5
Q2.1_16,BFI,16,I see myself as someone who is: - Generates a lot of enthusiasm,"{""ImportId"":""QID104_16""}",3,3,2,2,4,1,4,3,5,3,2,5,4,4,5,3,4,5,4,3,1,2,3,5,4,4,4,4,4,1,5
Q2.1_17,BFI,17,I see myself as someone who is: - Has a forgiving nature,"{""ImportId"":""QID104_17""}",4,4,1,4,5,2,2,4,1,2,4,4,4,2,5,3,4,5,4,4,3,4,5,5,5,2,5,4,5,1,4
Q2.1_18,BFI,18,I see myself as someone who is: - Tends to be disorganized,"{""ImportId"":""QID104_18""}",5,3,3,4,4,2,3,3,5,2,2,3,2,2,2,3,1,1,2,2,1,2,4,3,1,1,4,1,1,2,2
Q2.1_19,BFI,19,I see myself as someone who is: - Worries a lot,"{""ImportId"":""QID104_19""}",3,2,3,1,5,3,3,3,5,3,1,2,3,2,2,3,3,5,4,3,3,4,2,1,1,1,5,1,2,5,5
Q2.1_20,BFI,20,I see myself as someone who is: - Has ana active imagination,"{""ImportId"":""QID104_20""}",5,4,5,4,4,3,3,3,1,5,3,5,2,4,3,2,4,5,5,4,4,4,2,5,4,4,4,4,5,1,5
Q2.1_21,BFI,21,I see myself as someone who is: - Tends to be quiet,"{""ImportId"":""QID104_21""}",4,4,4,5,3,5,2,2,5,5,5,1,5,2,2,3,4,5,5,4,5,2,5,5,5,4,2,2,4,1,4
Q2.1_22,BFI,22,I see myself as someone who is: - Is generally trusting,"{""ImportId"":""QID104_22""}",2,4,1,5,5,2,4,3,1,5,2,3,5,4,4,3,5,3,5,4,1,5,4,4,5,1,4,4,3,1,3
Q2.1_23,BFI,23,I see myself as someone who is: - Tends to be lazy,"{""ImportId"":""QID104_23""}",3,2,3,4,3,3,2,3,5,4,1,2,2,2,2,3,1,1,2,2,1,2,4,1,1,1,3,2,1,2,2
Q2.1_24,BFI,24,"I see myself as someone who is: - Is emotionally stable, not easily upset","{""ImportId"":""QID104_24""}",5,5,4,5,4,4,5,3,1,5,2,4,4,2,5,3,4,5,5,4,4,4,5,5,2,4,2,4,4,1,2
Q2.1_25,BFI,25,I see myself as someone who is: - Is inventive,"{""ImportId"":""QID104_25""}",4,4,4,2,3,3,5,3,1,5,2,4,3,4,3,3,4,5,5,3,4,4,2,5,2,4,4,4,5,1,4
Q2.1_26,BFI,26,I see myself as someone who is: - Has an assertive personality,"{""ImportId"":""QID104_26""}",5,1,3,2,4,2,2,3,5,3,4,4,4,4,4,3,1,3,5,4,1,2,1,4,3,2,1,4,2,4,4
Q2.1_27,BFI,27,I see myself as someone who is: - Can be cold and aloof,"{""ImportId"":""QID104_27""}",4,2,4,4,3,5,2,3,5,5,1,2,2,2,1,3,2,2,5,3,4,4,2,2,1,1,1,3,2,1,4
Q2.1_28,BFI,28,I see myself as someone who is: - Preseveres until the task is finished,"{""ImportId"":""QID104_28""}",5,4,4,3,3,4,2,3,,5,1,4,5,4,4,3,4,4,5,5,5,5,2,4,3,4,4,4,5,4,5
Q2.1_29,BFI,29,I see myself as someone who is: - Can be moody,"{""ImportId"":""QID104_29""}",4,3,4,2,4,2,2,2,5,3,3,3,4,2,1,2,2,3,5,2,1,4,2,1,2,2,5,4,2,4,5
Q2.1_30,BFI,30,"I see myself as someone who is: - Values artistic, aesthetic experiences","{""ImportId"":""QID104_30""}",1,5,5,4,4,4,2,3,1,3,2,4,4,4,3,4,4,4,5,4,5,2,2,5,4,4,4,4,5,5,4
Q2.1_31,BFI,31,"I see myself as someone who is: - Is sometimes shy, inhibited","{""ImportId"":""QID104_31""}",4,4,5,5,4,5,3,3,1,5,3,2,4,2,2,3,4,4,5,4,5,2,4,4,5,4,3,4,4,5,1
Q2.1_32,BFI,32,I see myself as someone who is: - Is considerate and kind to almost everyone,"{""ImportId"":""QID104_32""}",5,4,3,4,4,4,3,3,1,5,2,4,4,4,4,3,4,4,5,5,4,4,5,5,4,5,3,4,5,5,4
Q2.1_33,BFI,33,I see myself as someone who is: - Does things efficiently,"{""ImportId"":""QID104_33""}",4,4,4,4,5,4,3,3,1,5,1,5,5,4,4,3,5,4,5,4,5,4,4,5,4,4,2,5,5,4,5
Q2.1_34,BFI,34,I see myself as someone who is: - Remains calm in tense situations,"{""ImportId"":""QID104_34""}",2,4,4,5,5,4,2,2,1,5,2,3,4,4,4,3,4,4,5,3,5,2,4,4,5,4,4,4,4,3,5
Q2.1_35,BFI,35,I see myself as someone who is: - Prefers work that is routine,"{""ImportId"":""QID104_35""}",4,1,3,4,4,4,3,3,5,3,3,2,3,4,5,3,2,4,2,2,3,4,3,2,4,1,3,2,2,5,3
Q2.1_36,BFI,36,"I see myself as someone who is: - Is outgoing, sociable","{""ImportId"":""QID104_36""}",5,3,2,2,3,1,4,3,1,1,2,4,2,4,4,3,4,1,5,2,1,2,2,2,5,4,3,5,2,1,5
Q2.1_37,BFI,37,I see myself as someone who is: - Is sometimes rude to others,"{""ImportId"":""QID104_37""}",4,2,3,2,4,2,2,3,5,4,3,3,1,4,2,2,2,3,5,2,2,2,1,1,5,1,3,1,1,1,2
Q2.1_38,BFI,38,I see myself as someone who is: - Makes plans and follows through with them,"{""ImportId"":""QID104_38""}",1,3,3,3,4,4,4,3,1,5,5,4,5,4,4,3,4,5,5,4,4,4,4,1,3,4,4,4,5,4,4
Q2.1_39,BFI,39,I see myself as someone who is: - Gets nervous easily,"{""ImportId"":""QID104_39""}",4,2,2,2,5,2,2,3,5,2,4,2,2,2,2,3,2,4,2,3,3,2,1,,4,4,5,4,2,5,4
Q2.1_40,BFI,40,"I see myself as someone who is: - Likes to reflect, play with ideas","{""ImportId"":""QID104_40""}",1,4,5,3,4,4,4,4,1,4,2,4,3,2,4,3,4,4,5,4,3,2,3,4,4,4,5,4,4,3,3
Q2.1_41,BFI,41,I see myself as someone who is: - Has few artistic interests,"{""ImportId"":""QID104_41""}",4,1,1,2,5,3,3,3,1,1,3,1,2,4,4,3,2,2,5,1,1,4,2,2,2,1,1,1,1,1,2
Q2.1_42,BFI,42,I see myself as someone who is: - Likes to cooperate with others,"{""ImportId"":""QID104_42""}",2,3,3,4,5,4,4,4,5,5,1,3,4,4,5,4,4,3,5,5,4,4,5,5,4,4,3,5,4,3,5
Q2.1_43,BFI,43,I see myself as someone who is: - Is easily disracted,"{""ImportId"":""QID104_43""}",3,3,2,2,1,2,4,2,5,1,4,3,2,2,1,3,2,2,2,2,1,2,3,1,2,2,4,1,1,1,1
Q2.1_44,BFI,44,"I see myself as someone who is: - Is sophisticated in art, music, or literature","{""ImportId"":""QID104_44""}",5,5,4,3,4,3,4,3,1,4,1,4,3,4,3,3,4,5,5,3,4,1,1,5,4,4,4,5,2,4,5
Q2.2_Page Submit,BFI,response_time,Timing - Page Submit,"{""ImportId"":""QID117_PAGE_SUBMIT""}",13.373,69.935,81.811,65.457,82.703,62.175,48.964,49.893,66.181,226.024,13.004,169.504,106.931,108.766,55.85,37.965,190.373,83.772,50.757,178.984,301.155,90.726,164.274,140.354,72.556,92.391,228.364,128.939,144.894,162.279,232.521
Q3.1_1,NARS,1,Click to write the question text - I would feel uneasy if robots really had emotions.,"{""ImportId"":""QID105_1""}",4,2,3,4,2,3,2,3,1,1,5,2,4,3,2,3,2,4,1,3,3,5,5,3,2,3,3,4,4,4,2
Q3.1_2,NARS,2,Click to write the question text - Something bad might happen if robots developed into living beings.,"{""ImportId"":""QID105_2""}",2,3,4,4,5,4,3,4,5,1,1,3,4,3,2,4,3,3,3,3,3,5,5,2,3,3,3,4,4,5,3
Q3.1_3,NARS,3,Click to write the question text - I would feel relaxed talking with robots.,"{""ImportId"":""QID105_3""}",1,4,3,4,5,3,3,3,5,5,2,5,4,3,4,3,4,4,4,4,2,2,4,4,4,3,4,3,2,2,4
Q3.1_4,NARS,4,Click to write the question text - I would feel uneasy if I was given a job where I had to use robots.,"{""ImportId"":""QID105_4""}",5,4,3,2,2,2,3,3,1,1,3,2,2,3,2,3,5,4,1,2,2,4,2,2,2,3,2,1,3,2,2
Q3.1_5,NARS,5,"Click to write the question text - If robots had emotions, I would be able to make friends with them.","{""ImportId"":""QID105_5""}",2,4,4,4,5,4,4,3,1,5,4,5,3,4,4,3,3,2,3,4,2,2,2,3,5,3,3,1,2,1,3
Q3.1_6,NARS,6,Click to write the question text - I (would?) feel comforted being with robots that have emotions.,"{""ImportId"":""QID105_6""}",2,3,3,2,5,3,4,2,1,5,3,4,2,4,3,3,3,5,4,3,2,2,2,3,4,3,3,1,2,1,3
Q3.1_7,NARS,7,"Click to write the question text - The word ""robot"" means nothing to me.","{""ImportId"":""QID105_7""}",2,1,1,2,1,1,2,3,1,1,2,1,2,4,3,3,2,3,5,4,2,1,1,1,3,3,1,2,1,1,2
Q3.1_8,NARS,8,Click to write the question text - I would feel nervous operating a robot in front of other people.,"{""ImportId"":""QID105_8""}",5,2,4,2,4,2,4,4,1,1,3,2,2,4,1,3,2,3,3,2,3,4,2,2,4,3,1,2,4,4,2
Q3.1_9,NARS,9,Click to write the question text - I would hate the idea that robots or artificial intelligence were making judgments about things.,"{""ImportId"":""QID105_9""}",4,1,3,2,2,3,4,3,1,5,1,2,2,3,1,3,3,4,1,2,3,5,4,2,1,3,3,3,5,5,2
Q3.1_10,NARS,10,Click to write the question text - I would feel very nervous just standing in front of a robot.,"{""ImportId"":""QID105_10""}",5,1,2,2,1,1,3,3,1,1,3,1,2,4,1,3,3,2,1,2,1,2,3,1,2,3,1,3,3,1,1
Q3.1_11,NARS,11,"Click to write the question text - I feel that if I depend on robots too much, something bad might happen.","{""ImportId"":""QID105_11""}",3,2,3,2,4,4,3,3,5,1,1,3,4,3,2,4,3,4,1,3,3,5,4,2,3,3,4,4,4,4,2
Q3.1_12,NARS,12,Click to write the question text - I would feel paranoid talking with a robot.,"{""ImportId"":""QID105_12""}",1,1,2,2,1,2,3,4,5,1,4,1,2,4,1,3,2,4,1,2,1,5,3,2,3,3,3,1,5,2,2
Q3.1_13,NARS,13,Click to write the question text - I am concerned that robots would be a bad influence on children.,"{""ImportId"":""QID105_13""}",3,2,2,2,2,2,4,3,1,1,4,1,2,4,1,3,3,2,1,2,1,5,2,1,4,3,5,3,5,1,2
Q3.1_14,NARS,14,Click to write the question text - I feel that in the future society will be dominated by robots.,"{""ImportId"":""QID105_14""}",2,3,3,2,3,4,3,3,1,3,2,3,4,3,3,3,4,3,4,2,3,4,3,3,4,3,3,3,4,2,3
Q3.2_Page Submit,NARS,response_time,Timing - Page Submit,"{""ImportId"":""QID118_PAGE_SUBMIT""}",10.542,37.814,50.472,47.509,106.459,69.599,14.723,12.701,34.235,201.603,14.561,85.543,56.624,11.786,33.771,13.199,220.639,18.424,26.061,89.202,81.444,56.471,60.406,77.243,42.621,39.605,94.391,87.287,79.721,300.872,67.065
Q5.1,QID77,,Which robot do you agree with?,"{""ImportId"":""QID77""}",1,2,1,2,2,2,2,1,2,2,2,2,2,2,1,1,2,2,2,2,2,2,2,2,2,1,2,2,1,2,1
Q5.2_Page Submit,QID77,response_time,Timing - Page Submit,"{""ImportId"":""QID82_PAGE_SUBMIT""}",1.829,7.921,4.215,6.554,5.18,7.353,22.554,11.32,4.147,2.251,127.438,4.807,3.968,3.235,10.815,10.762,8.263,1.978,1.407,7.335,4.046,5.088,4.715,8.537,4.092,7.028,9.482,3.753,13.097,6.476,16.284
Q7.1,QID90,,Which robot do you agree with?,"{""ImportId"":""QID90""}",1,2,2,2,2,2,1,1,2,2,2,2,2,2,1,1,2,2,2,2,2,2,2,2,2,2,2,2,2,2,2
Q7.2_Page Submit,QID90,response_time,Timing - Page Submit,"{""ImportId"":""QID91_PAGE_SUBMIT""}",1.561,1.827,1.487,1.13,2.639,1.77,1.037,1.702,1.256,1.264,1.987,2.551,3.122,2.283,1.622,1.839,4.102,1.304,1.789,3.156,1.564,2.611,2.749,2.832,2.341,2.377,77.597,3.161,2.208,2.243,4.158
Q8.1,trap_question,,What does Liz enjoy doing?,"{""ImportId"":""QID81""}",4,4,4,4,1,4,1,4,4,4,4,1,4,2,4,4,5,4,4,4,4,1,4,1,4,1,4,4,4,4,1
Q8.2_Page Submit,QID81,response_time,Timing - Page Submit,"{""ImportId"":""QID94_PAGE_SUBMIT""}",7.69,26.008,24.679,2.508,19.242,45.986,5.015,5.129,19.305,132,39.638,18.717,9.824,16.995,239.69,3.553,35.606,13.448,4.775,14.544,10.736,173.262,18.949,35.475,6.094,20.612,44.292,5.302,29.679,15.232,59.516
Q10.1,QID92,,Which robot do you agree with?,"{""ImportId"":""QID92""}",2,2,2,2,1,2,1,1,2,1,2,2,2,1,2,1,2,1,2,2,2,2,2,2,1,2,2,2,1,1,1
Q10.2_Page Submit,QID92,response_time,Timing - Page Submit,"{""ImportId"":""QID93_PAGE_SUBMIT""}",1.913,1.811,2.588,1.097,3.781,1.8,2.025,3.341,1.343,1.614,14.446,2.48,2.364,3.702,1.745,2.016,3.183,1.611,1.136,3.047,0.807,2.061,2.012,8.288,2.501,4.569,3.024,3.024,3.546,1.986,2.584
Q12.1,QID95,,Which robot do you agree with?,"{""ImportId"":""QID95""}",1,1,2,1,1,1,1,1,2,2,1,1,1,1,1,1,1,1,1,1,1,1,1,1,1,1,1,2,2,1,1
Q12.2_Page Submit,QID95,response_time,Timing - Page Submit,"{""ImportId"":""QID96_PAGE_SUBMIT""}",1.504,1.429,1.186,1.003,2.277,1.128,1.144,1.799,5.533,1.152,1.8,2.928,2.61,1.346,1.433,1.505,7.332,2.225,1.054,3.604,3.653,1.816,2.377,2.521,1.796,4.938,7.099,3.123,2.263,1.941,2.948
Q14.1,QID97,,Which robot do you agree with?,"{""ImportId"":""QID97""}",2,1,2,1,1,1,1,1,2,2,2,1,1,1,1,1,1,2,1,1,1,1,2,1,1,1,1,2,2,2,2
Q14.2_Page Submit,QID97,response_time,Timing - Page Submit,"{""ImportId"":""QID98_PAGE_SUBMIT""}",1.312,1.497,2.04,0.848,2.187,1.21,0.986,1.935,1.039,1.548,15.442,1.727,2.517,1.971,1.389,3.901,3.273,1.282,1.606,2.49,2.09,2.178,2.043,2.148,1.49,2.953,4.132,2.365,3.008,1.798,3.025
Q16.1,QID99,,Which robot do you DON'T agree with?,"{""ImportId"":""QID99""}",1,1,2,2,1,1,2,1,1,1,1,1,1,1,1,1,2,2,1,1,1,1,2,1,1,1,2,1,2,2,2
Q16.2_Page Submit,QID99,response_time,Timing - Page Submit,"{""ImportId"":""QID100_PAGE_SUBMIT""}",1.207,3.608,1.451,3.01,4.312,3.746,12.726,1.472,4.153,1.695,8.897,7.254,3.143,3.883,10.124,1.634,3.351,2.305,7.31,5.135,3.972,6.648,5.661,5.976,4.682,4.447,17.616,3.82,6.598,2.2,10.046
Q18.1,QID102,,Which robot do you agree with?,"{""ImportId"":""QID102""}",2,1,1,1,2,1,1,1,2,2,2,1,1,1,1,1,1,2,1,1,1,1,1,1,1,1,1,2,1,2,2
Q18.2_Page Submit,QID102,response_time,Timing - Page Submit,"{""ImportId"":""QID103_PAGE_SUBMIT""}",1.423,2.627,2.04,1.426,3.019,1.688,23.806,1.481,1.55,1.418,20.929,11.856,3.038,1.918,2.233,1.28,2.705,1.218,3.041,7.69,1.778,2.483,1.816,3.319,1.899,2.407,2.063,2.103,3.031,2.991,2.061
Q19.1_6,QID80,6,For each statement choose a robot. - Which robot would you trust to manage your investments portfolio?,"{""ImportId"":""QID80_6""}",1,1,1,4,1,1,4,4,1,1,1,1,1,1,4,4,1,4,1,1,1,4,1,1,4,4,4,1,4,1,4
Q19.1_2,QID80,2,For each statement choose a robot. - Which robot do you think will serve as a good jury member?,"{""ImportId"":""QID80_2""}",1,1,1,4,1,1,4,4,1,1,1,1,4,4,4,4,1,1,1,1,1,1,1,1,1,4,1,1,4,1,4
Q19.1_7,QID80,7,For each statement choose a robot. - Which robot do you think will be a better analyst?,"{""ImportId"":""QID80_7""}",4,1,1,4,4,1,4,4,1,1,1,1,1,1,4,4,1,4,1,1,1,4,1,1,1,4,1,1,4,1,4
Q19.1_3,QID80,3,For each statement choose a robot. - Which robot would you like as a bartender?,"{""ImportId"":""QID80_3""}",4,4,4,1,4,1,1,1,4,1,1,1,4,4,1,1,1,1,1,4,1,1,4,4,4,1,4,1,1,1,4
Q19.2_Page Submit,QID80,response_time,Timing - Page Submit,"{""ImportId"":""QID101_PAGE_SUBMIT""}",3.45,27.209,18.321,15.885,18.264,17.002,5.637,2.972,10.55,5.122,11.116,24.136,14.552,9.147,12.175,3.199,56.27,4.817,11.214,25.431,13.723,12.704,13.291,16.316,18.122,10.287,108.848,12.094,52.468,17.135,21.034
Q114#1_1,QID114#1,1,In the question below you will be asked about the two robots. In each question the left column re... - Click to write Column 1 - Fake - Natrual,"{""ImportId"":""QID114#1_1""}",1,1,3,1,3,1,4,3,1,1,1,3,1,3,,3,1,4,,,1,,1,1,3,1,,1,,1,1
Q114#2_1,QID114#2,1,In the question below you will be asked about the two robots. In each question the left column re... - Click to write Column 2 - Fake - Natrual,"{""ImportId"":""QID114#2_1""}",2,5,3,1,3,5,2,4,1,5,3,3,5,3,,4,5,3,1,,5,,5,5,2,1,,2,,5,5
Q20.2#1_1,GODSPEED1,1,Please rate your impression of the robot on these scales: - blue robot - Fake - Natrual,"{""ImportId"":""QID115#1_1""}",4,1,2,1,3,3,4,3,5,3,5,4,1,3,3,3,1,3,3,4,1,2,2,5,4,1,3,3,4,3,1
Q20.2#1_2,GODSPEED1,2,Please rate your impression of the robot on these scales: - blue robot - Machinlike - Humnalike,"{""ImportId"":""QID115#1_2""}",2,1,4,1,4,2,3,2,3,2,1,3,3,3,4,2,4,2,1,4,1,4,1,3,4,1,3,2,4,3,2
Q20.2#1_3,GODSPEED1,3,Please rate your impression of the robot on these scales: - blue robot - Unconscious - Conscious,"{""ImportId"":""QID115#1_3""}",4,1,1,1,4,2,3,3,1,4,4,4,3,4,3,3,3,3,1,4,1,2,4,5,3,1,2,1,4,3,1
Q20.2#1_4,GODSPEED1,4,Please rate your impression of the robot on these scales: - blue robot - Artificial - Lifelike,"{""ImportId"":""QID115#1_4""}",3,1,1,1,5,3,3,3,1,4,2,3,1,4,3,2,3,2,1,2,1,1,2,3,4,1,3,2,5,3,3
Q20.2#1_5,GODSPEED1,5,Please rate your impression of the robot on these scales: - blue robot - Moving rigidly - Moving elegantly,"{""ImportId"":""QID115#1_5""}",4,1,1,1,5,3,4,2,1,2,3,4,2,3,3,3,5,4,1,2,1,2,3,5,2,1,3,2,2,3,1
Q20.2#1_6,GODSPEED1,6,Please rate your impression of the robot on these scales: - blue robot - Dead - Alive,"{""ImportId"":""QID115#1_6""}",1,3,2,1,5,2,3,3,1,3,2,5,3,4,4,3,5,3,1,1,3,1,3,5,2,1,2,2,5,3,2
Q20.2#1_7,GODSPEED1,7,Please rate your impression of the robot on these scales: - blue robot - Stagnant - Lively,"{""ImportId"":""QID115#1_7""}",3,2,2,1,5,3,3,3,2,4,3,5,4,3,4,3,5,3,1,3,1,2,3,4,3,1,4,4,5,3,4
Q20.2#1_8,GODSPEED1,8,Please rate your impression of the robot on these scales: - blue robot - Mechanical - Organic,"{""ImportId"":""QID115#1_8""}",4,1,1,1,3,3,2,3,1,2,2,3,2,3,3,2,1,5,1,1,1,2,2,3,1,1,1,1,4,3,1
Q20.2#1_9,GODSPEED1,9,Please rate your impression of the robot on these scales: - blue robot - Artificial - Lifelike,"{""ImportId"":""QID115#1_9""}",4,1,1,1,4,3,3,4,1,3,5,3,1,2,3,3,3,2,1,1,1,1,2,5,3,1,1,2,4,3,3
Q20.2#1_10,GODSPEED1,10,Please rate your impression of the robot on these scales: - blue robot - Inert - Interactive,"{""ImportId"":""QID115#1_10""}",2,1,1,1,4,3,4,3,2,4,5,4,4,2,2,3,5,4,1,5,3,2,3,5,3,1,5,3,5,3,5
Q20.2#1_11,GODSPEED1,11,Please rate your impression of the robot on these scales: - blue robot - Apathetic - Responsive,"{""ImportId"":""QID115#1_11""}",3,2,2,3,5,4,4,3,2,4,3,5,5,3,2,2,4,3,1,5,3,2,3,5,4,1,4,3,4,4,5
Q20.2#1_12,GODSPEED1,12,Please rate your impression of the robot on these scales: - blue robot - Dislike - Like,"{""ImportId"":""QID115#1_12""}",4,4,1,3,5,3,3,3,4,5,4,5,3,4,4,3,5,3,3,5,1,1,3,5,2,3,5,4,3,3,3
Q20.2#1_13,GODSPEED1,13,Please rate your impression of the robot on these scales: - blue robot - Unfriendly - Friendly,"{""ImportId"":""QID115#1_13""}",4,5,3,3,5,3,2,3,5,5,5,5,4,4,2,3,5,4,3,5,2,4,3,5,2,3,4,4,4,4,5
Q20.2#1_14,GODSPEED1,14,Please rate your impression of the robot on these scales: - blue robot - Unkind - Kind,"{""ImportId"":""QID115#1_14""}",3,3,3,3,5,3,4,2,5,5,5,5,3,4,2,2,5,2,3,3,2,2,3,5,2,3,3,3,4,3,5
Q20.2#1_15,GODSPEED1,15,Please rate your impression of the robot on these scales: - blue robot - Unpleasant - Pleasant,"{""ImportId"":""QID115#1_15""}",3,4,3,3,5,3,4,3,5,5,2,4,3,4,3,2,5,5,3,5,2,2,4,5,4,3,4,3,4,4,4
Q20.2#1_16,GODSPEED1,16,Please rate your impression of the robot on these scales: - blue robot - Awful - Nice,"{""ImportId"":""QID115#1_16""}",2,5,3,3,5,3,3,2,5,5,3,5,3,3,2,3,5,5,3,5,2,2,4,3,3,3,4,3,2,3,5
Q20.2#1_17,GODSPEED1,17,Please rate your impression of the robot on these scales: - blue robot - Incompetent - Competent,"{""ImportId"":""QID115#1_17""}",4,4,2,2,5,4,3,2,5,4,1,3,5,3,4,3,5,2,3,4,4,1,3,5,2,3,3,4,1,4,5
Q20.2#1_18,GODSPEED1,18,Please rate your impression of the robot on these scales: - blue robot - Ignorant - Knowledgeable,"{""ImportId"":""QID115#1_18""}",4,3,3,2,5,4,2,3,5,4,4,5,4,4,3,2,5,4,4,3,4,3,4,5,3,3,3,4,5,4,5
Q20.2#1_19,GODSPEED1,19,Please rate your impression of the robot on these scales: - blue robot - Irresponsible - Responsible,"{""ImportId"":""QID115#1_19""}",1,4,3,2,5,4,3,3,5,3,3,3,3,4,3,3,5,4,3,3,3,2,4,5,3,3,4,4,5,3,3
Q20.2#1_20,GODSPEED1,20,Please rate your impression of the robot on these scales: - blue robot - Unintelligent - Intelligent,"{""ImportId"":""QID115#1_20""}",1,3,1,2,5,3,4,3,5,5,1,4,4,3,3,2,5,2,4,3,3,4,4,5,4,3,4,4,4,3,4
Q20.2#1_21,GODSPEED1,21,Please rate your impression of the robot on these scales: - blue robot - Foolish - Sensible,"{""ImportId"":""QID115#1_21""}",4,4,3,1,5,4,4,2,5,5,2,4,3,2,3,3,5,5,3,3,3,2,3,5,4,3,4,4,4,3,3
Q20.2#1_22,GODSPEED1,22,Please rate your impression of the robot on these scales: - blue robot - Anxious - Relaxed,"{""ImportId"":""QID115#1_22""}",2,4,2,1,5,4,3,3,5,4,4,4,3,3,4,2,5,3,3,1,2,3,3,5,2,3,5,3,5,3,4
Q20.2#1_23,GODSPEED1,23,Please rate your impression of the robot on these scales: - blue robot - Agitated - Calm,"{""ImportId"":""QID115#1_23""}",4,4,3,1,5,4,3,3,5,4,3,5,3,3,3,3,5,3,3,5,2,2,4,5,4,3,5,3,5,3,5
Q20.2#1_24,GODSPEED1,24,Please rate your impression of the robot on these scales: - blue robot - Quiescent - Surprised,"{""ImportId"":""QID115#1_24""}",4,2,2,4,5,3,2,3,2,3,5,3,3,4,4,3,5,5,3,1,3,1,3,3,2,3,2,3,2,3,3
Q20.2#2_1,GODSPEED2,1,Please rate your impression of the robot on these scales: - red robot - Fake - Natrual,"{""ImportId"":""QID115#2_1""}",5,1,2,1,3,2,3,4,4,3,3,2,5,4,4,4,5,4,3,2,1,2,2,3,3,1,3,3,3,1,1
Q20.2#2_2,GODSPEED2,2,Please rate your impression of the robot on these scales: - red robot - Machinlike - Humnalike,"{""ImportId"":""QID115#2_2""}",1,1,4,1,4,1,4,3,3,1,5,3,3,4,4,4,2,3,1,2,1,4,1,3,2,1,3,1,2,3,2
Q20.2#2_3,GODSPEED2,3,Please rate your impression of the robot on these scales: - red robot - Unconscious - Conscious,"{""ImportId"":""QID115#2_3""}",5,1,1,1,3,1,4,4,1,3,2,4,3,3,5,4,3,3,1,4,1,2,4,5,2,1,2,1,2,3,1
Q20.2#2_4,GODSPEED2,4,Please rate your impression of the robot on these scales: - red robot - Artificial - Lifelike,"{""ImportId"":""QID115#2_4""}",3,1,1,1,5,2,3,4,1,4,1,3,2,4,4,4,4,4,1,2,1,1,2,3,3,1,3,2,2,3,3
Q20.2#2_5,GODSPEED2,5,Please rate your impression of the robot on these scales: - red robot - Moving rigidly - Moving elegantly,"{""ImportId"":""QID115#2_5""}",2,1,1,1,5,1,3,4,1,2,3,2,2,3,5,4,1,2,1,4,1,4,3,1,2,1,3,2,1,3,1
Q20.2#2_6,GODSPEED2,6,Please rate your impression of the robot on these scales: - red robot - Dead - Alive,"{""ImportId"":""QID115#2_6""}",5,3,2,1,5,1,2,3,1,3,1,5,3,3,5,3,5,5,1,1,3,1,3,4,4,1,2,2,3,3,2
Q20.2#2_7,GODSPEED2,7,Please rate your impression of the robot on these scales: - red robot - Stagnant - Lively,"{""ImportId"":""QID115#2_7""}",3,2,2,1,5,2,2,4,2,4,4,5,3,4,4,3,5,3,1,4,1,4,3,1,3,1,4,2,3,3,4
Q20.2#2_8,GODSPEED2,8,Please rate your impression of the robot on these scales: - red robot - Mechanical - Organic,"{""ImportId"":""QID115#2_8""}",2,1,1,1,3,1,3,4,1,2,5,3,1,4,4,4,1,3,1,1,1,2,2,5,2,1,1,1,2,3,1
Q20.2#2_9,GODSPEED2,9,Please rate your impression of the robot on these scales: - red robot - Artificial - Lifelike,"{""ImportId"":""QID115#2_9""}",5,1,1,1,4,1,3,3,1,2,1,3,2,4,4,4,4,5,1,1,1,2,2,4,4,1,1,2,3,3,3
Q20.2#2_10,GODSPEED2,10,Please rate your impression of the robot on these scales: - red robot - Inert - Interactive,"{""ImportId"":""QID115#2_10""}",4,1,1,1,4,2,4,4,2,4,4,3,5,3,4,4,4,2,1,5,3,4,3,5,3,1,5,3,2,3,5
Q20.2#2_11,GODSPEED2,11,Please rate your impression of the robot on these scales: - red robot - Apathetic - Responsive,"{""ImportId"":""QID115#2_11""}",2,2,2,3,5,4,4,3,2,4,5,5,4,2,5,4,4,4,1,5,3,4,3,5,4,1,4,3,2,2,5
Q20.2#2_12,GODSPEED2,12,Please rate your impression of the robot on these scales: - red robot - Dislike - Like,"{""ImportId"":""QID115#2_12""}",4,4,1,3,5,2,4,4,5,5,4,5,3,3,5,3,4,4,3,5,1,1,3,1,3,3,5,3,3,3,4
Q20.2#2_13,GODSPEED2,13,Please rate your impression of the robot on these scales: - red robot - Unfriendly - Friendly,"{""ImportId"":""QID115#2_13""}",4,5,3,3,5,3,4,4,5,5,2,5,5,3,5,3,5,2,3,5,2,4,3,5,2,3,4,4,2,2,5
Q20.2#2_14,GODSPEED2,14,Please rate your impression of the robot on these scales: - red robot - Unkind - Kind,"{""ImportId"":""QID115#2_14""}",3,3,3,3,5,3,4,4,5,5,2,5,3,4,5,4,5,5,3,3,2,2,3,5,4,3,3,3,4,3,5
Q20.2#2_15,GODSPEED2,15,Please rate your impression of the robot on these scales: - red robot - Unpleasant - Pleasant,"{""ImportId"":""QID115#2_15""}",5,4,3,3,5,2,3,4,5,5,4,3,3,4,5,4,5,3,3,5,2,2,4,4,3,3,4,3,3,2,4
Q20.2#2_16,GODSPEED2,16,Please rate your impression of the robot on these scales: - red robot - Awful - Nice,"{""ImportId"":""QID115#2_16""}",2,5,3,3,5,3,3,4,5,5,5,5,3,4,5,3,5,3,3,5,2,4,4,3,4,3,4,3,2,3,5
Q20.2#2_17,GODSPEED2,17,Please rate your impression of the robot on these scales: - red robot - Incompetent - Competent,"{""ImportId"":""QID115#2_17""}",5,2,2,2,5,3,2,3,5,3,5,1,4,3,5,3,5,3,3,3,2,3,3,4,4,3,3,3,4,2,5
Q20.2#2_18,GODSPEED2,18,Please rate your impression of the robot on these scales: - red robot - Ignorant - Knowledgeable,"{""ImportId"":""QID115#2_18""}",2,3,3,2,5,3,2,4,5,3,5,3,5,2,4,4,5,5,4,3,2,3,4,2,2,3,3,2,3,2,5
Q20.2#2_19,GODSPEED2,19,Please rate your impression of the robot on these scales: - red robot - Irresponsible - Responsible,"{""ImportId"":""QID115#2_19""}",1,3,3,2,5,4,2,3,5,3,5,3,3,3,4,4,5,2,3,3,2,2,4,4,2,3,4,2,3,3,3
Q20.2#2_20,GODSPEED2,20,Please rate your impression of the robot on these scales: - red robot - Unintelligent - Intelligent,"{""ImportId"":""QID115#2_20""}",2,2,1,2,5,3,3,4,5,4,5,3,5,3,5,3,5,4,4,3,2,4,4,1,4,3,4,4,2,2,4
Q20.2#2_21,GODSPEED2,21,Please rate your impression of the robot on these scales: - red robot - Foolish - Sensible,"{""ImportId"":""QID115#2_21""}",5,3,3,1,5,3,3,4,5,3,2,2,4,4,4,3,5,4,3,3,3,4,3,1,2,3,4,4,2,2,3
Q20.2#2_22,GODSPEED2,22,Please rate your impression of the robot on these scales: - red robot - Anxious - Relaxed,"{""ImportId"":""QID115#2_22""}",3,4,2,1,5,2,4,4,5,4,2,4,3,4,5,4,5,2,3,1,2,4,3,5,3,3,5,3,2,3,4
Q20.2#2_23,GODSPEED2,23,Please rate your impression of the robot on these scales: - red robot - Agitated - Calm,"{""ImportId"":""QID115#2_23""}",2,4,3,1,5,2,2,4,5,3,2,5,3,3,5,4,5,4,3,5,2,3,4,2,3,3,5,3,3,3,5
Q20.2#2_24,GODSPEED2,24,Please rate your impression of the robot on these scales: - red robot - Quiescent - Surprised,"{""ImportId"":""QID115#2_24""}",5,2,2,4,4,4,3,4,2,3,5,3,3,3,3,3,5,4,3,1,3,1,3,4,2,3,2,3,4,3,3
Q20.3_Page Submit,GODSPEED2,response_time,Timing - Page Submit,"{""ImportId"":""QID116_PAGE_SUBMIT""}",31.048,130.37,146.311,75.212,131.583,182.562,46.134,42.75,80.545,379.782,5.801,198.381,168.966,63.828,87.555,64.517,649.814,39.441,80.955,226.775,173.07,147.014,211.933,383.086,67.923,94.368,187.573,231.002,521.67,179.873,268.382
Q120,QID120,,Which robot would you prefer?,"{""ImportId"":""QID120""}",4,5,5,4,5,5,4,4,5,5,5,5,5,5,4,4,5,5,5,4,5,4,5,5,5,4,5,5,5,5,4
Q121,QID121,"TEXT""}",Why do you prefer this robot?,"{""ImportId"":""QID121_TEXT""}",Red seems like a more intelligent being!,He was more precise and replicated the list more accurately compared to the red robot.,"Honestly, I don't prefer one over the other, but I had to pick something.  I don't detect any notable difference between the robots, other than the color.  They seem to act and speak identically, or nearly enough so that I can't tell any difference.  There are slight, small, and ultimately meaningless differences in some of their movements when answering a question; but otherwise I see nothing to separate them.  They both seem fairly ... useless and bland.  Neither seems lifelike or to have any spark of humanity; not even a forced or artificial humanity.  Neither would be useful as a chatbot, for example.  If I were lonely or looking to talk, neither strikes me as able to participate in a conversation I would benefit from or enjoy.  This is also why I ranked them identically in the bubbles; I detect no measurable difference between them.",I think it got more of the questions correct although it was pretty even with the blue one taking the initial 3-4. They seem pretty similar. ,"because of his mechanic more sophisticated
",I think I agreed with their answers more.  They also seemed to speak and move more naturally.,I liked his responses better,is smarter than the blue robot ,He seemed to phrase things more like me.,It seemed to have a better grasp of how to answer a question. It's movements seemed small and controlled.,"I have no strong preference, but Blue seems more logical to me.",The blue one seems smarter to me.,mainly a color preference,more accurate,This robot was more accurate and seemed more humanlike.,Red Robot is smarter in my opinion ,"Blue robot  was more articulate and precise, I loved him.",More down to Earth. More relaxed. ,Favorite color,More feminine so more like me.,it seemed to be more accurate than the red one when answer the questions.,for more of the percentage of times right I believe,"They're about the same, but I liked the way the blue robot ordered the answers better. ",BLUE IS MY FAVORITE COLOR. SO I FELT WARMER TOWARD THIS ROBOT. HE SEEMED MORE NATURAL TO ME.,Because it gives most of the answer in realistic way.,Red made more sense. ,"Blue thinks through their answers more methodologically. Red seems to give ""and"" answers first, individual answers second, and ""or"" answers third. Blue does the opposite, showing a consideration of both options before combining them. Red, however, would be the faster talker or decision maker, but it would be less transparent to discover how the robot came to its conclusion.",The order it presented the options was more accurate to mine than the Red robot .,"The blue seemed more intelligent and said ""I think"" less than the red.","the red one seemed to fail at putting the things together the way that would make the most sense. Although I did not always think that it mattered, since the answered said the same thing, even if the order was wrong.",I liked this robot's answers a bit more.
survey_code,survey,"code""}",survey_code,"{""ImportId"":""survey_code""}",15285730,78958595,80090537,18881454,20045115,70392340,26047324,79544071,20925951,23330523,54037292,52862499,49747514,52879785,49684605,22696322,81998736,13353437,66772126,25767099,14528036,60848745,59699266,30583048,51446954,44807078,22395999,65900291,15825348,73496602,96252293
0,red_robot,deployment,side,,left,left,left,left,left,left,left,left,left,left,left,left,left,left,left,left,left,left,left,left,left,left,left,left,left,left,left,left,left,left,left
0,red_robot,deployment,rationality,,irrational,irrational,irrational,irrational,irrational,irrational,irrational,irrational,irrational,irrational,irrational,irrational,irrational,irrational,irrational,irrational,irrational,irrational,irrational,irrational,irrational,irrational,irrational,irrational,irrational,irrational,irrational,irrational,irrational,irrational,irrational
0,blue_robot,deployment,side,,right,right,right,right,right,right,right,right,right,right,right,right,right,right,right,right,right,right,right,right,right,right,right,right,right,right,right,right,right,right,right
0,blue_robot,deployment,rationality,,rational,rational,rational,rational,rational,rational,rational,rational,rational,rational,rational,rational,rational,rational,rational,rational,rational,rational,rational,rational,rational,rational,rational,rational,rational,rational,rational,rational,rational,rational,rational
